-- MySQL dump 10.13  Distrib 5.7.17, for macos10.12 (x86_64)
--
-- Host: 127.0.0.1    Database: CRC
-- ------------------------------------------------------
-- Server version	5.5.5-10.1.31-MariaDB

/*!40101 SET @OLD_CHARACTER_SET_CLIENT=@@CHARACTER_SET_CLIENT */;
/*!40101 SET @OLD_CHARACTER_SET_RESULTS=@@CHARACTER_SET_RESULTS */;
/*!40101 SET @OLD_COLLATION_CONNECTION=@@COLLATION_CONNECTION */;
/*!40101 SET NAMES utf8 */;
/*!40103 SET @OLD_TIME_ZONE=@@TIME_ZONE */;
/*!40103 SET TIME_ZONE='+00:00' */;
/*!40014 SET @OLD_UNIQUE_CHECKS=@@UNIQUE_CHECKS, UNIQUE_CHECKS=0 */;
/*!40014 SET @OLD_FOREIGN_KEY_CHECKS=@@FOREIGN_KEY_CHECKS, FOREIGN_KEY_CHECKS=0 */;
/*!40101 SET @OLD_SQL_MODE=@@SQL_MODE, SQL_MODE='NO_AUTO_VALUE_ON_ZERO' */;
/*!40111 SET @OLD_SQL_NOTES=@@SQL_NOTES, SQL_NOTES=0 */;

--
-- Table structure for table `cars`
--

DROP TABLE IF EXISTS `cars`;
/*!40101 SET @saved_cs_client     = @@character_set_client */;
/*!40101 SET character_set_client = utf8 */;
CREATE TABLE `cars` (
  `carID` int(11) NOT NULL AUTO_INCREMENT,
  `make` varchar(45) DEFAULT NULL,
  `model` int(15) DEFAULT NULL,
  `series` varchar(65) DEFAULT NULL,
  `year` int(4) DEFAULT NULL,
  `price` int(8) DEFAULT NULL,
  `engine` varchar(15) DEFAULT NULL,
  `fuelType` varchar(15) DEFAULT NULL,
  `tankCapacity` varchar(5) DEFAULT NULL,
  `power` varchar(15) DEFAULT NULL,
  `seats` int(2) DEFAULT NULL,
  `transmission` varchar(15) DEFAULT NULL,
  `bodyType` varchar(15) DEFAULT NULL,
  `driveType` varchar(15) DEFAULT NULL,
  `wheelbase` varchar(15) DEFAULT NULL,
  PRIMARY KEY (`carID`)
) ENGINE=InnoDB AUTO_INCREMENT=15401 DEFAULT CHARSET=utf8;
/*!40101 SET character_set_client = @saved_cs_client */;

--
-- Dumping data for table `cars`
--

LOCK TABLES `cars` WRITE;
/*!40000 ALTER TABLE `cars` DISABLE KEYS */;
INSERT INTO `cars` VALUES (14806,'LAND ROVER',0,'HSE',2006,83650,'2.7L','DIESEL TURBO F/','82L','140Kw',7,'6A','4D WAGON','4WD','2885mm'),(14810,'LAND ROVER',0,'Tdi 4x4',1996,51800,'2.5L','DIESEL TURBO','88.5L','83Kw',5,'4A4x4','4D WAGON','4WD','2540mm'),(14811,'LAND ROVER',0,'XEi 4x4',2000,34886,'1.8L','MULTI POINT F/I','59L','84Kw',5,'5M4x4','3D HARDBACK','4WD','2535mm'),(14812,'LAND ROVER',0,'ES V8 4x4',1999,66000,'4.0L','MULTI POINT F/I','95L','132Kw',7,'4A','4D WAGON','4WD','2540mm'),(14813,'LAND ROVER',0,'Tdi 4x4',1994,50430,'2.5L','DIESEL TURBO','88.5L','83Kw',5,'4A4x4','4D WAGON','4WD','2540mm'),(14814,'LAND ROVER',0,'SERIES II SE 4x4',2004,71450,'4.0L','MULTI POINT F/I','93L','136Kw',7,'4A','4D WAGON','4WD','2540mm'),(14815,'LAND ROVER',0,'SWB',1978,9045,'2.3L','DIESEL','45L','46Kw',8,'4M4x4','2D HARDTOP','4WD','2230mm'),(14816,'LAND ROVER',0,'SERIES II S 4x4',2003,55450,'4.0L','MULTI POINT F/I','93L','136Kw',7,'4A','4D WAGON','4WD','2540mm'),(14817,'LAND ROVER',0,'SERIES II',2003,51950,'2.5L','DIESEL TURBO F/','93L','101Kw',5,'5M','4D WAGON','4WD','2540mm'),(14818,'LAND ROVER',0,'S 4x4',1998,39990,'2.5L','DIESEL TURBO','88.5L','83Kw',5,'5M4x4','4D WAGON','4WD','2540mm'),(14819,'LAND ROVER',0,'LWB',1972,5203,'2.3L','DIESEL','73L','46Kw',12,'4M4x4','2D HARDTOP','4WD','2768mm'),(14831,'BMW',0,'E53 3.0d',2004,84500,'3.0L','TURBO CDI','93L','150Kw',5,'6A','4D WAGON','4WD','2820mm'),(14832,'BMW',3,'E46 18i EXECUTIVE',2002,56550,'2.0L','MULTI POINT F/I','63L','105Kw',5,'5AS','4D SEDAN','RWD','2725mm'),(14833,'BMW',3,'23i',1996,62550,'2.5L','MULTI POINT F/I','62L','125Kw',5,'5M','4D SEDAN','RWD','2700mm'),(14834,'BMW',3,'E46 30Ci',2001,109050,'3.0L','MULTI POINT F/I','63L','170Kw',5,'5AS','2D CONVERTIBLE','RWD','2725mm'),(14835,'BMW',7,'35i EXECUTIVE',1987,136500,'3.4L','ELECTRONIC F/IN','90L','155Kw',5,'4A','4D SEDAN','RWD','2833mm'),(14836,'BMW',5,'E60 25i',2005,89000,'2.5L','MULTI POINT F/I','70L','141Kw',5,'6AS','4D SEDAN','RWD','2888mm'),(14837,'BMW',3,'E91 23i TOURING',2006,71500,'2.5L','MULTI POINT F/I','60L','130Kw',5,'6AS','4D WAGON','RWD','2760mm'),(14838,'BMW',5,'E34 25i EXECUTIVE',1996,98200,'2.5L','ELECTRONIC F/IN','80L','141Kw',5,'5A','4D SEDAN','RWD','2761mm'),(14839,'BMW',3,'E36 16i OPEN AIR',1995,46200,'1.6L','MULTI POINT F/I','52L','75Kw',5,'5M','3D HATCHBACK','RWD','2700mm'),(14842,'BMW',3,'E90 20i EXECUTIVE',2005,57200,'2.0L','MULTI POINT F/I','65L','110Kw',5,'6AS','4D SEDAN','RWD','2760mm'),(14843,'BMW',3,'E46 30i',2001,90700,'3.0L','MULTI POINT F/I','63L','170Kw',5,'5AS','4D SEDAN','RWD','2725mm'),(14846,'BMW',0,'E53 3.0i',2004,84000,'3.0L','MULTI POINT F/I','93L','170Kw',5,'5AS','4D WAGON','4WD','2820mm'),(14847,'BMW',3,'18is',1998,56600,'1.9L','MULTI POINT F/I','65L','103Kw',5,'4A','4D SEDAN','RWD','2700mm'),(14850,'BMW',7,'35i',1984,59500,'3.2L','ELECTRONIC F/IN','100L','145Kw',5,'4A','4D SEDAN','RWD','2795mm'),(14851,'BMW',3,'E46 20i SPORT',2005,65300,'2.2L','MULTI POINT F/I','63L','125Kw',5,'5AS','4D SEDAN','RWD','2725mm'),(14852,'BMW',3,'E46 16ti',2002,43869,'1.8L','MULTI POINT F/I','63L','85Kw',5,'5AS','3D HATCHBACK','RWD','2725mm'),(14853,'BMW',1,'E87 20i',2005,44100,'2.0L','MULTI POINT F/I','50L','110Kw',5,'6A','5D HATCHBACK','RWD','2660mm'),(14854,'BMW',3,'20i',1989,54700,'2.0L','ELECTRONIC F/IN','65L','95Kw',5,'5M','4D SEDAN','RWD','2570mm'),(14855,'BMW',3,'E46 20Ci',2001,67050,'2.2L','MULTI POINT F/I','63L','125Kw',5,'5AS','2D COUPE','RWD','2725mm'),(14856,'BMW',3,'25i',1988,74500,'2.5L','ELECTRONIC F/IN','55L','125Kw',5,'4A','4D SEDAN','RWD','2570mm'),(14857,'BMW',3,'E46 18i SPORT',2005,54500,'2.0L','MULTI POINT F/I','63L','105Kw',5,'5M','4D SEDAN','RWD','2725mm'),(14858,'BMW',3,'E36 28i',1996,83330,'2.8L','MULTI POINT F/I','65L','142Kw',5,'5A','4D SEDAN','RWD','2700mm'),(14859,'BMW',5,'28i',1997,96500,'2.8L','MULTI POINT F/I','70L','142Kw',5,'5AS','4D SEDAN','RWD','2830mm'),(14860,'BMW',3,'18i',1997,51320,'1.8L','ELECTRONIC F/IN','65L','85Kw',5,'4A','4D SEDAN','RWD','2700mm'),(14861,'BMW',3,'18is',1997,55100,'1.9L','MULTI POINT F/I','65L','103Kw',5,'5M','4D SEDAN','RWD','2700mm'),(14862,'BMW',3,'E46 18i EXECUTIVE',2001,53950,'2.0L','MULTI POINT F/I','63L','105Kw',5,'5M','4D SEDAN','RWD','2725mm'),(14863,'BMW',0,'E53 3.0i',2001,82350,'3.0L','MULTI POINT F/I','93L','170Kw',5,'5AS','4D WAGON','4WD','2820mm'),(14864,'BMW',1,'E87 20d',2006,47800,'2.0L','DIESEL TURBO F/','51L','115Kw',5,'6A','5D HATCHBACK','RWD','2660mm'),(14865,'BMW',3,'E46 18i EXECUTIVE',2000,52070,'1.9L','MULTI POINT F/I','63L','87Kw',5,'5M','4D SEDAN','RWD','2725mm'),(14866,'BMW',0,'E53 3.0i',2006,84000,'3.0L','MULTI POINT F/I','93L','170Kw',5,'5AS','4D WAGON','4WD','2820mm'),(14867,'BMW',3,'18i',1995,49650,'1.8L','ELECTRONIC F/IN','65L','85Kw',5,'5M','4D SEDAN','RWD','2700mm'),(14870,'BMW',3,'23Ci',1999,73900,'2.5L','MULTI POINT F/I','63L','125Kw',5,'5M','2D COUPE','RWD','2725mm'),(14871,'BMW',0,'E53 MY06 UPGRADE 3.0d',2006,86800,'3.0L','TURBO CDI','93L','150Kw',5,'6A','4D WAGON','4WD','2820mm'),(14872,'BMW',3,'E46 18i',1999,54370,'1.9L','MULTI POINT F/I','63L','87Kw',5,'5M','4D SEDAN','RWD','2725mm'),(14873,'BMW',3,'18is',1996,57110,'1.8L','ELECTRONIC F/IN','65L','103Kw',5,'4A','2D COUPE','RWD','2700mm'),(14874,'BMW',3,'E46 16ti',2004,41750,'1.8L','MULTI POINT F/I','63L','85Kw',5,'5M','3D HATCHBACK','RWD','2725mm'),(14875,'BMW',3,'18i',1989,36950,'1.8L','ELECTRONIC F/IN','55L','83Kw',5,'5M','2D SEDAN','RWD','2570mm'),(14876,'BMW',3,'18i',1994,46500,'1.8L','ELECTRONIC F/IN','65L','85Kw',5,'5M','4D SEDAN','RWD','2700mm'),(14877,'BMW',3,'E90 20i',2006,53400,'2.0L','MULTI POINT F/I','65L','110Kw',5,'6AS','4D SEDAN','RWD','2760mm'),(14878,'BMW',5,'E39 23i',1996,83600,'2.5L','MULTI POINT F/I','70L','125Kw',5,'5AS','4D SEDAN','RWD','2830mm'),(14879,'BMW',5,'E39 30i SPORT',2002,101400,'3.0L','MULTI POINT F/I','70L','170Kw',5,'5AS','4D SEDAN','RWD','2830mm'),(14880,'BMW',5,'20i',1991,69100,'2.0L','ELECTRONIC F/IN','80L','110Kw',5,'5A','4D SEDAN','RWD','2761mm'),(14881,'BMW',3,'18i',1991,44300,'1.8L','ELECTRONIC F/IN','65L','85Kw',5,'4A','4D SEDAN','RWD','2700mm'),(14882,'BMW',3,'E46 18i',2000,48315,'1.9L','MULTI POINT F/I','63L','87Kw',5,'5M','4D SEDAN','RWD','2725mm'),(14883,'BMW',3,'18i',1986,38600,'1.8L','ELECTRONIC F/IN','58L','77Kw',5,'5M','4D SEDAN','RWD','2570mm'),(14884,'BMW',3,'E36 18is SPORT',1998,58950,'1.9L','MULTI POINT F/I','62L','103Kw',5,'5M','2D COUPE','RWD','2700mm'),(14885,'BMW',7,'35iL EXECUTIVE',1988,145900,'3.4L','ELECTRONIC F/IN','95L','155Kw',5,'4A','4D SEDAN','RWD','2945mm'),(14886,'BMW',5,'25i',1995,90500,'2.5L','ELECTRONIC','85L','141Kw',5,'5M','4D SEDAN','RWD','2950mm'),(14887,'BMW',5,'25i',1991,80200,'2.5L','ELECTRONIC F/IN','80L','141Kw',5,'5M','4D SEDAN','RWD','2761mm'),(14888,'BMW',3,'E46 25Ci',2002,75000,'2.5L','MULTI POINT F/I','63L','141Kw',5,'5AS','2D COUPE','RWD','2725mm'),(14889,'BMW',3,'E46 16ti',2005,40350,'1.8L','MULTI POINT F/I','63L','85Kw',5,'5M','3D HATCHBACK','RWD','2725mm'),(14890,'BMW',0,'E53 3.0d',2005,84300,'3.0L','TURBO CDI','93L','150Kw',5,'6A','4D WAGON','4WD','2820mm'),(14891,'DATSUN',0,'SPORTS',1964,2530,'1.5L','CARB','43L','63Kw',2,'4M','2D ROADSTER','RWD','2280mm'),(14892,'DATSUN',0,'SPORTS',1970,2850,'1.5L','CARB','45L','65Kw',2,'4M','2D ROADSTER','RWD','2280mm'),(14894,'DATSUN',0,'SSS',1972,5985,'1.8L','CARB','52L','85Kw',5,'5M','2D HARDTOP','RWD','2500mm'),(14895,'DATSUN',180,'SSS',1977,6012,'1.8L','CARB','55L','82Kw',5,'5M','2D HARDTOP','RWD','2500mm'),(14896,'MAZDA',121,'METRO SHADES',2001,19050,'1.5L','ELECTRONIC F/IN','43L','64Kw',5,'5M','5D HATCHBACK','FWD','2390mm'),(14897,'MAZDA',121,'SHADES',1997,14200,'1.3L','SINGLE POINT F/','40L','54Kw',5,'5M','4D SEDAN','FWD','2390mm'),(14899,'MAZDA',121,'METRO SHADES',2002,19240,'1.5L','ELECTRONIC F/IN','43L','64Kw',5,'5M','5D HATCHBACK','FWD','2390mm'),(14900,'MAZDA',121,'DELUXE',1987,12250,'1.3L','CARB','38L','46Kw',5,'5M','3D HATCHBACK','FWD','2295mm'),(14901,'MAZDA',121,'METRO SHADES',1999,19590,'1.5L','ELECTRONIC F/IN','40L','64Kw',5,'4A','5D HATCHBACK','FWD','2390mm'),(14902,'VOLKSWAGEN',0,'T5 MY08 CREWVAN SWB',2008,42990,'2.5L','DIESEL TURBO F/','80L','96Kw',5,'6ATip','VAN','FWD','3000mm'),(14903,'VOLKSWAGEN',0,'1KM 2.0 TDI',2006,35490,'2.0L','DIESEL TURBO F/','55L','103Kw',5,'6M','4D SEDAN','FWD','2578mm'),(14904,'VOLKSWAGEN',0,'T5 SWB',2005,43400,'2.5L','DIESEL TURBO F/','80L','96Kw',2,'6ATip','VAN','FWD','3000mm'),(14905,'VOLKSWAGEN',0,'9N MY07 UPGRADE CLUB',2007,16990,'1.4L','MULTI POINT F/I','45L','59Kw',5,'5M','3D HATCHBACK','FWD','2465mm'),(14906,'VOLKSWAGEN',0,'1KM 2.0 TURBO FSI',2006,39990,'2.0L','TURBO MPFI','55L','147Kw',5,'6ADSG','4D SEDAN','FWD','2578mm'),(14907,'VOLKSWAGEN',0,'T5 HIGHLINE',2006,72990,'2.5L','DIESEL TURBO F/','80L','128Kw',7,'6ATip','4D VAN','FWD','3000mm'),(14908,'VOLKSWAGEN',0,'1KM 2.0 TURBO FSI',2007,39990,'2.0L','TURBO MPFI','55L','147Kw',5,'6ADSG','4D SEDAN','FWD','2578mm'),(14909,'VOLKSWAGEN',0,'1K GTi',2007,39990,'2.0L','TURBO MPFI','55L','147Kw',5,'6M','5D HATCHBACK','FWD','2578mm'),(14910,'VOLKSWAGEN',0,'GL',2001,25990,'1.6L','MULTI POINT F/I','55L','74Kw',5,'5M','5D HATCHBACK','FWD','2511mm'),(14911,'VOLKSWAGEN',0,'1K 1.9 TDI COMFORTLINE',2005,32290,'1.9L','DIESEL TURBO F/','55L','77Kw',5,'6ADSG','5D HATCHBACK','FWD','2578mm'),(14912,'VOLKSWAGEN',0,'1KM 2.0 FSI',2007,35290,'2.0L','MULTI POINT F/I','55L','110Kw',5,'6ATip','4D SEDAN','FWD','2578mm'),(14914,'VOLKSWAGEN',0,'1K GT',2007,37290,'1.4L','S/C & T/C MPFI','55L','125Kw',5,'6ADSG','5D HATCHBACK','FWD','2578mm'),(14915,'VOLKSWAGEN',0,'GL',1995,30490,'2.0L','MULTI POINT F/I','55L','85Kw',5,'5M','5D HATCHBACK','FWD','2475mm'),(14920,'VOLKSWAGEN',0,'1KM 2.0 TDI',2007,37990,'2.0L','DIESEL TURBO F/','55L','103Kw',5,'6ADSG','4D SEDAN','FWD','2578mm'),(14921,'VOLKSWAGEN',0,'1K 2.0 FSI COMFORTLINE',2005,32290,'2.0L','ELECTRONIC F/IN','55L','110Kw',5,'6ATip','5D HATCHBACK','FWD','2578mm'),(14922,'VOLKSWAGEN',0,'1K 2.0 TDI COMFORTLINE',2007,32490,'2.0L','DIESEL TURBO F/','55L','103Kw',5,'6M','5D HATCHBACK','FWD','2578mm'),(14923,'VOLKSWAGEN',0,'3B 1.8T',2002,49800,'1.8L','TURBO MPFI','62L','110Kw',5,'5ATip','4D WAGON','FWD','2703mm'),(14924,'VOLKSWAGEN',0,'1K 2.0 FSI SPORTLINE',2006,32990,'2.0L','ELECTRONIC F/IN','55L','110Kw',5,'6M','5D HATCHBACK','FWD','2578mm'),(14925,'VOLKSWAGEN',0,'GLE',1999,34990,'2.0L','MULTI POINT F/I','55L','85Kw',5,'5M','5D HATCHBACK','FWD','2511mm'),(14926,'VOLKSWAGEN',0,'GL',1998,31980,'1.6L','MULTI POINT F/I','55L','74Kw',5,'4A','5D HATCHBACK','FWD','2511mm'),(14927,'VOLKSWAGEN',0,'T5 COMFORTLINE 4MOTION',2006,60990,'2.5L','DIESEL TURBO F/','80L','128Kw',7,'6M','4D VAN','4WD','3000mm'),(14928,'VOLKSWAGEN',0,'9N S',2002,21800,'1.4L','MULTI POINT F/I','45L','55Kw',5,'5M','5D HATCHBACK','FWD','2460mm'),(14929,'VOLKSWAGEN',0,'7L R5 TDi LUXURY',2006,78600,'2.5L','DIESEL TURBO F/','100L','128Kw',5,'6ATip','4D WAGON','4WD','2855mm'),(14930,'VOLKSWAGEN',0,'2K LIFE',2006,34990,'1.9L','DIESEL TURBO F/','60L','77Kw',5,'6ADSG','4D WAGON','FWD','2682mm'),(14940,'VOLKSWAGEN',0,'1K 2.0 TDI COMFORTLINE',2004,32490,'2.0L','DIESEL TURBO F/','55L','103Kw',5,'6M','5D HATCHBACK','FWD','2578mm'),(14941,'VOLKSWAGEN',0,'1J 2.0',2001,36350,'2.0L','MULTI POINT F/I','55L','85Kw',5,'5M','4D SEDAN','FWD','2500mm'),(14942,'VOLKSWAGEN',0,'9N MY06 UPGRADE CLUB',2006,16990,'1.4L','MULTI POINT F/I','45L','55Kw',5,'5M','3D HATCHBACK','FWD','2465mm'),(14943,'VOLKSWAGEN',0,'2K 1.9 TDi',2006,24990,'1.9L','DIESEL TURBO F/','60L','77Kw',2,'5M','VAN','FWD','2682mm'),(14944,'VOLKSWAGEN',0,'9N',2003,19800,'1.4L','MULTI POINT F/I','45L','55Kw',5,'5M','3D HATCHBACK','FWD','2460mm'),(14945,'VOLKSWAGEN',0,'1.6 GENERATION',2004,25990,'1.6L','MULTI POINT F/I','55L','75Kw',5,'5M','5D HATCHBACK','FWD','2511mm'),(14946,'VOLKSWAGEN',0,'9N MY07 UPGRADE GTi',2007,26990,'1.8L','TURBO MPFI','45L','110Kw',5,'5M','3D HATCHBACK','FWD','2466mm'),(14947,'VOLKSWAGEN',0,'GL',1999,31190,'1.6L','MULTI POINT F/I','55L','74Kw',5,'4A','5D HATCHBACK','FWD','2511mm'),(14948,'VOLKSWAGEN',0,'1K 2.0 TDI COMFORTLINE',2006,34790,'2.0L','DIESEL TURBO F/','55L','103Kw',5,'6ADSG','5D HATCHBACK','FWD','2578mm'),(14949,'VOLKSWAGEN',0,'GL',2000,25990,'1.6L','MULTI POINT F/I','55L','74Kw',5,'5M','5D HATCHBACK','FWD','2511mm'),(14950,'VOLKSWAGEN',0,'1K 1.6 TRENDLINE',2005,25490,'1.6L','MULTI POINT F/I','55L','75Kw',5,'5M','5D HATCHBACK','FWD','2578mm'),(14960,'VOLKSWAGEN',0,'3C 2.0T FSI',2006,44990,'2.0L','TURBO MPFI','70L','147Kw',5,'6ATip','4D SEDAN','FWD','2709mm'),(14961,'VOLKSWAGEN',0,'7L R5 TDi LUXURY',2005,78600,'2.5L','DIESEL TURBO F/','100L','128Kw',5,'6ATip','4D WAGON','4WD','2855mm'),(14962,'VOLKSWAGEN',0,'3C 3.2 V6 FSI',2006,54990,'3.2L','MULTI POINT F/I','70L','184Kw',5,'6ADSG','4D SEDAN','AWD','2709mm'),(14963,'VOLKSWAGEN',0,'2.0 S',2001,28500,'2.0L','MULTI POINT F/I','55L','85Kw',5,'5M','5D HATCHBACK','FWD','2511mm'),(14964,'VOLKSWAGEN',0,'2.0 S',2002,29490,'2.0L','MULTI POINT F/I','55L','85Kw',5,'5M','5D HATCHBACK','FWD','2511mm'),(14965,'VOLKSWAGEN',0,'V6',2003,59990,'2.8L','MULTI POINT F/I','80L','150Kw',8,'4A','4D WAGON','FWD','2920mm'),(14966,'VOLKSWAGEN',0,'2.0 GENERATION',2004,29490,'2.0L','MULTI POINT F/I','55L','85Kw',5,'4A','5D HATCHBACK','FWD','2511mm'),(14967,'VOLKSWAGEN',0,'OPEN AIR',1999,21490,'1.6L','MULTI POINT F/I','45L','55Kw',5,'5M','5D HATCHBACK','FWD','2400mm'),(14969,'VOLKSWAGEN',1600,'SUPER BUG L',1975,3798,'1.6L','CARB','42L','37Kw',4,'4M','2D SEDAN','RWD','2420mm'),(14984,'ALFA ROMEO',0,'2',1999,61990,'2.0L','MULTI POINT F/I','70L','114Kw',4,'5M','2D COUPE','FWD','2540mm'),(14985,'ALFA ROMEO',156,'V6 24V',2002,57500,'2.5L','MULTI POINT F/I','63L','140Kw',5,'6M','4D SEDAN','FWD','2595mm'),(14988,'ALFA ROMEO',147,'GTA MONZA',2002,57850,'3.2L','MULTI POINT F/I','63L','178Kw',5,'6M','3D HATCHBACK','FWD','2456mm'),(15000,'ALFA ROMEO',147,'GTA MONZA',2005,59990,'3.2L','MULTI POINT F/I','63L','184Kw',5,'6M','3D HATCHBACK','FWD','2546mm'),(15001,'ALFA ROMEO',156,'2.0 SELESPEED TWIN SPARK',1999,49950,'2.0L','MULTI POINT F/I','63L','114Kw',5,'5MSel','4D SEDAN','FWD','2595mm'),(15002,'ALFA ROMEO',147,'2.0 TWIN SPARK',2003,39500,'2.0L','MULTI POINT F/I','60L','110Kw',5,'5M','5D HATCHBACK','FWD','2546mm'),(15003,'MERCEDES-BENZ',0,'R171 200K',2004,86900,'1.8L','SUPERCHARGED MP','70L','120Kw',2,'5ATS','2D CONVERTIBLE','RWD','2430mm'),(15004,'MERCEDES-BENZ',0,'W163 270 CDI 4x4',2002,69474,'2.7L','TURBO CDI','83L','120Kw',5,'5ATS','4D WAGON','4WD','2820mm'),(15005,'MERCEDES-BENZ',0,'W163 320 LUXURY 4x4',2002,77274,'3.2L','MULTI POINT F/I','83L','160Kw',5,'5ATS','4D WAGON','4WD','2820mm'),(15006,'MERCEDES-BENZ',0,'W203 KOMPRESSOR AVANTGARDE',2002,61400,'1.8L','SUPERCHARGED MP','70L','105Kw',5,'5ATS','4D SEDAN','RWD','2715mm'),(15007,'MERCEDES-BENZ',0,'320 LUXURY 4x4',2000,72900,'3.2L','MULTI POINT F/I','70L','160Kw',5,'5ATS','4D WAGON','4WD','2820mm'),(15008,'MERCEDES-BENZ',0,'KOMPRESSOR',2000,95380,'2.3L','SUPERCHARGED MP','53L','142Kw',2,'5A','2D CONVERTIBLE','RWD','2400mm'),(15009,'MERCEDES-BENZ',0,'W163 500 LUXURY 4x4',2004,99900,'5.0L','MULTI POINT F/I','83L','215Kw',5,'5ATS','4D WAGON','4WD','2820mm'),(15010,'MERCEDES-BENZ',300,'TE',1991,124500,'3.0L','ELECTRONIC F/IN','70L','135Kw',7,'4A','4D WAGON','RWD','2800mm'),(15011,'MERCEDES-BENZ',0,'W202 ELEGANCE',2000,64580,'2.0L','MULTI POINT F/I','62L','100Kw',5,'5A','4D SEDAN','RWD','2690mm'),(15020,'MERCEDES-BENZ',280,'W126 SE',1982,55979,'2.7L','ELECTRONIC F/IN','90L','125Kw',5,'4A','4D SEDAN','RWD','2935mm'),(15021,'MERCEDES-BENZ',0,'320 LUXURY 4x4',1987,72550,'3.2L','MULTI POINT F/I','70L','160Kw',5,'5ATS','4D WAGON','4WD','2820mm'),(15022,'MERCEDES-BENZ',0,'320 LUXURY 4x4',1999,73400,'3.2L','MULTI POINT F/I','70L','160Kw',5,'5ATS','4D WAGON','4WD','2820mm'),(15023,'MERCEDES-BENZ',0,'W163 270 CDI LUXURY 4x4',2003,77274,'2.7L','TURBO CDI','83L','120Kw',5,'5ATS','4D WAGON','4WD','2820mm'),(15024,'MERCEDES-BENZ',0,'W210 ELEGANCE',1999,112400,'2.8L','MULTI POINT F/I','80L','150Kw',5,'5ASeq','4D SEDAN','RWD','2833mm'),(15025,'MERCEDES-BENZ',0,'115CDI COMPACT CREW CAB',2005,48380,'2.1L','DIESEL TURBO F/','75L','110Kw',5,'5A','5D VAN','RWD','3200mm'),(15026,'MERCEDES-BENZ',180,'E LIMITED EDITION',1993,47115,'1.8L','ELECTRONIC F/IN','55L','82Kw',5,'4A','4D SEDAN','RWD','2665mm'),(15027,'MERCEDES-BENZ',0,'AVANTGARDE',1999,41400,'1.6L','MULTI POINT F/I','54L','75Kw',5,'5MSeq','5D HATCHBACK','FWD','2423mm'),(15028,'MERCEDES-BENZ',0,'270 CDI 4x4',2001,64900,'2.7L','TURBO CDI','70L','120Kw',5,'5ATS','4D WAGON','4WD','2820mm'),(15029,'MERCEDES-BENZ',0,'W169 ELEGANCE',2006,42400,'1.7L','MULTI POINT F/I','54L','85Kw',5,'CVT7','5D HATCHBACK','FWD','2568mm'),(15030,'MERCEDES-BENZ',300,'W124 E',1986,79296,'3.0L','ELECTRONIC F/IN','70L','135Kw',5,'4A','4D SEDAN','RWD','2800mm'),(15040,'MERCEDES-BENZ',230,'W124 E',1988,87100,'2.3L','ELECTRONIC F/IN','70L','97Kw',5,'4A','4D SEDAN','RWD','2800mm'),(15041,'MERCEDES-BENZ',180,'E LIMITED EDITION',1992,45690,'1.8L','ELECTRONIC F/IN','55L','82Kw',5,'4A','4D SEDAN','RWD','2665mm'),(15042,'MERCEDES-BENZ',0,'211 MY06 UPGRADE AMG',2006,225600,'5.4L','SUPERCHARGED MP','80L','350Kw',5,'5ATSh','4D SEDAN','RWD','2854mm'),(15043,'MERCEDES-BENZ',380,'SEL',1982,68795,'3.8L','ELECTRONIC F/IN','90L','145Kw',5,'4A','4D SEDAN','RWD','3075mm'),(15044,'MERCEDES-BENZ',0,'W168 LWB ELEGANCE',2004,42900,'1.9L','MULTI POINT F/I','54L','92Kw',5,'5MSeq','5D HATCHBACK','FWD','2593mm'),(15045,'MERCEDES-BENZ',180,'E LIMITED EDITION',1994,47115,'1.8L','ELECTRONIC F/IN','55L','82Kw',5,'4A','4D SEDAN','RWD','2665mm'),(15046,'MERCEDES-BENZ',0,'W168 AVANTGARDE',2001,41230,'1.9L','MULTI POINT F/I','54L','92Kw',5,'5MSeq','5D HATCHBACK','FWD','2423mm'),(15047,'MERCEDES-BENZ',0,'KOMP ELEGANCE',2000,111580,'2.3L','SUPERCHARGED MP','62L','142Kw',4,'5A','2D CABRIOLET','RWD','2690mm'),(15048,'MERCEDES-BENZ',0,'W168 AVANTGARDE',2000,41230,'1.9L','MULTI POINT F/I','54L','92Kw',5,'5MSeq','5D HATCHBACK','FWD','2423mm'),(15049,'MERCEDES-BENZ',0,'W163 500 LUXURY 4x4',2001,98500,'5.0L','MULTI POINT F/I','83L','215Kw',5,'5ATS','4D WAGON','4WD','2820mm'),(15050,'MERCEDES-BENZ',0,'211 AVANTGARDE',2002,153900,'5.0L','MULTI POINT F/I','89L','225Kw',5,'5ATSh','4D SEDAN','RWD','2854mm'),(15063,'RENAULT',0,'SPORT',2002,33990,'2.0L','MULTI POINT F/I','50L','124Kw',5,'5M','3D HATCHBACK','FWD','2472mm'),(15066,'RENAULT',0,'CAMPUS',2006,18990,'1.4L','MULTI POINT F/I','50L','72Kw',5,'5M','5D HATCHBACK','FWD','2472mm'),(15068,'RENAULT',0,'PRIVILEGE',2003,37990,'2.0L','MULTI POINT F/I','60L','101Kw',5,'4A','5D WAGON','FWD','2580mm'),(15080,'RENAULT',19,'RT',1995,26790,'1.7L','MULTI POINT F/I','55L','68Kw',5,'5M','5D HATCHBACK','FWD','2540mm'),(15081,'RENAULT',0,'PRIVILEGE',2004,35990,'2.0L','MULTI POINT F/I','60L','98Kw',5,'4A','4D SEDAN','FWD','2686mm'),(15082,'RENAULT',0,'EXPRESSION',2002,41490,'1.6L','MULTI POINT F/I','60L','79Kw',4,'5M','2D CABRIOLET','FWD','2461mm'),(15083,'VOLVO',0,'05 UPGRADE 2.4 20V SE',2006,56950,'2.4L','MULTI POINT F/I','70L','125Kw',5,'5A','4D SEDAN','FWD','2715mm'),(15084,'VOLVO',0,'MY08 D5',2008,47950,'2.4L','DIESEL TURBO F/','60L','132Kw',5,'5AG','4D WAGON','FWD','2640mm'),(15085,'VOLVO',7,'40 TURBO',1989,65900,'2.3L','TURBO EFI','82L','119Kw',5,'4A','4D SEDAN','RWD','2770mm'),(15087,'VOLVO',8,'50 GLE',1992,45690,'2.4L','ELECTRONIC F/IN','73L','103Kw',5,'4A','4D SEDAN','FWD','2665mm'),(15088,'VOLVO',0,'05 UPGRADE II LIFESTYLE EDITION LE',2005,64450,'2.5L','TURBO MPFI','70L','154Kw',5,'5AG','4D WAGON','AWD','2761mm'),(15089,'VOLVO',0,'MY07 2.4 LE',2007,47950,'2.4L','MULTI POINT F/I','62L','125Kw',5,'5AG','4D WAGON','FWD','2640mm'),(15100,'VOLVO',0,'MY2003 2.0 SE',2003,47950,'1.9L','MULTI POINT F/I','60L','100Kw',5,'5A','4D SEDAN','FWD','2562mm'),(15101,'VOLVO',0,'MY2001 2.0 SE',2001,47950,'1.9L','MULTI POINT F/I','60L','100Kw',5,'5A','4D SEDAN','FWD','2562mm'),(15102,'VOLVO',8,'50 GLE',1994,47950,'2.4L','ELECTRONIC F/IN','73L','103Kw',5,'4A','4D SEDAN','FWD','2665mm'),(15103,'VOLVO',0,'T6 SE',2001,98950,'2.8L','TWIN TURBO MPFI','80L','200Kw',5,'4AG','4D SEDAN','RWD','2791mm'),(15104,'VOLVO',8,'50 SE',1997,59950,'2.4L','MULTI POINT F/I','73L','125Kw',5,'4A','5D WAGON','FWD','2665mm'),(15105,'VOLVO',0,'2',1997,45950,'1.9L','MULTI POINT F/I','60L','103Kw',5,'4A','5D WAGON','FWD','2550mm'),(15106,'VOLVO',0,'2',1997,44950,'1.9L','MULTI POINT F/I','60L','103Kw',5,'4A','4D SEDAN','FWD','2550mm'),(15107,'VOLVO',0,'MY06 LIFESTYLE EDITION LE',2006,69950,'2.5L','TURBO MPFI','72L','154Kw',7,'5AG','4D WAGON','AWD','2857mm'),(15108,'VOLVO',0,'T4',1998,53450,'1.9L','TURBO MPFI','60L','147Kw',5,'5M','4D SEDAN','FWD','2550mm'),(15109,'VOLVO',4,'40 GLT',1994,40950,'2.0L','ELECTRONIC F/IN','60L','80Kw',5,'4A','4D HATCHBACK','FWD','2503mm'),(15110,'VOLVO',2,'44 GL',1979,11220,'2.1L','FUEL INJECTED','60L','91Kw',5,'3A','4D SEDAN','RWD','2640mm'),(15119,'VOLVO',4,'40 GLT',1996,45500,'2.0L','ELECTRONIC F/IN','60L','80Kw',5,'4A','4D HATCHBACK','FWD','2503mm'),(15121,'VOLVO',0,'MY06 T5 AWD',2006,54950,'2.5L','TURBO MPFI','57L','162Kw',5,'5AG','4D SEDAN','AWD','2640mm'),(15122,'NISSAN',200,'S15 SX SPEC S GT',2002,42990,'2.0L','TURBO MPFI','65L','147Kw',4,'6M','2D COUPE','RWD','2525mm'),(15123,'NISSAN',200,'SX SPORTS LIMITED',1994,38500,'2.0L','TURBO MPFI','65L','147Kw',4,'5M','2D COUPE','RWD','2525mm'),(15124,'NISSAN',200,'SX SPORTS',1996,44510,'2.0L','TURBO MPFI','65L','147Kw',4,'5M','2D COUPE','RWD','2525mm'),(15125,'NISSAN',200,'S15 SX SPEC S',2002,40990,'2.0L','TURBO MPFI','65L','147Kw',4,'6M','2D COUPE','RWD','2525mm'),(15126,'NISSAN',200,'S15 SX SPEC R GT',2002,46490,'2.0L','TURBO MPFI','65L','147Kw',4,'6M','2D COUPE','RWD','2525mm'),(15127,'NISSAN',200,'SX SPORTS LIMITED',1998,39990,'2.0L','TURBO MPFI','65L','147Kw',4,'5M','2D COUPE','RWD','2525mm'),(15128,'NISSAN',200,'S15 SX SPEC S',2001,40990,'2.0L','TURBO MPFI','65L','147Kw',4,'6M','2D COUPE','RWD','2525mm'),(15129,'NISSAN',200,'SX LUXURY',1998,49995,'2.0L','TURBO MPFI','65L','147Kw',4,'5M','2D COUPE','RWD','2525mm'),(15130,'PEUGEOT',205,'GTi',1990,33750,'1.9L','ELECTRONIC F/IN','50L','75Kw',5,'5M','3D HATCHBACK','FWD','2420mm'),(15140,'PEUGEOT',406,'D8 ST',1997,39995,'2.0L','MULTI POINT F/I','70L','100Kw',5,'5M','4D SEDAN','FWD','2700mm'),(15142,'PEUGEOT',405,'Mi16',1993,41995,'2.0L','ELECTRONIC F/IN','70L','112Kw',5,'5M','4D SEDAN','FWD','2669mm'),(15143,'PEUGEOT',306,'XT',2000,29490,'2.0L','MULTI POINT F/I','60L','100Kw',5,'5M','5D HATCHBACK','FWD','2580mm'),(15144,'PEUGEOT',206,'XT',2001,22990,'1.6L','MULTI POINT F/I','50L','67Kw',5,'5M','5D HATCHBACK','FWD','2442mm'),(15145,'PEUGEOT',206,'GTi',2002,25990,'2.0L','MULTI POINT F/I','50L','95Kw',5,'5M','3D HATCHBACK','FWD','2442mm'),(15146,'PEUGEOT',206,'GTi',2004,29990,'2.0L','MULTI POINT F/I','50L','102Kw',5,'5M','3D HATCHBACK','FWD','2442mm'),(15147,'PEUGEOT',406,'D9',2004,69550,'2.9L','MULTI POINT F/I','70L','157Kw',4,'5M','2D COUPE','FWD','2700mm'),(15148,'PEUGEOT',206,'CC',2005,32990,'1.6L','MULTI POINT F/I','50L','80Kw',4,'5M','2D CABRIOLET','FWD','2442mm'),(15149,'PEUGEOT',307,'XSE',2003,31790,'2.0L','MULTI POINT F/I','60L','100Kw',5,'5M','5D HATCHBACK','FWD','2608mm'),(15150,'PEUGEOT',206,'XR',2002,19990,'1.4L','MULTI POINT F/I','50L','55Kw',5,'5M','5D HATCHBACK','FWD','2442mm'),(15160,'PEUGEOT',405,'D60 SRI',1992,34995,'1.9L','ELECTRONIC F/IN','70L','80Kw',5,'5M','4D SEDAN','FWD','2669mm'),(15161,'PEUGEOT',307,'MY06 UPGRADE XSE HDi 2.0',2006,32290,'2.0L','DIESEL TURBO F/','60L','100Kw',5,'6M','5D HATCHBACK','FWD','2608mm'),(15162,'PEUGEOT',206,'XT',2000,22450,'1.6L','MULTI POINT F/I','50L','67Kw',5,'5M','5D HATCHBACK','FWD','2442mm'),(15163,'PEUGEOT',307,'MY06 UPGRADE SPORT 2.0',2005,37990,'2.0L','MULTI POINT F/I','60L','130Kw',5,'5M','5D HATCHBACK','FWD','2608mm'),(15165,'PEUGEOT',206,'CC',2006,34990,'1.6L','MULTI POINT F/I','50L','80Kw',4,'4ATip','2D CABRIOLET','FWD','2442mm'),(15166,'PEUGEOT',307,'XSE',2004,33990,'2.0L','MULTI POINT F/I','60L','100Kw',5,'4ATip','5D HATCHBACK','FWD','2608mm'),(15167,'PEUGEOT',206,'C',2006,22990,'1.6L','MULTI POINT F/I','50L','82Kw',5,'5M','5D HATCHBACK','FWD','2442mm'),(15168,'PEUGEOT',206,'XR',2004,19990,'1.4L','MULTI POINT F/I','50L','55Kw',5,'5M','5D HATCHBACK','FWD','2442mm'),(15169,'PEUGEOT',307,'MY06 UPGRADE XSE HDi 2.0 TOURING',2006,33990,'2.0L','DIESEL TURBO F/','60L','100Kw',5,'6M','4D WAGON','FWD','2708mm'),(15181,'PEUGEOT',206,'XR',2003,21990,'1.6L','MULTI POINT F/I','50L','82Kw',5,'5M','3D HATCHBACK','FWD','2442mm'),(15184,'EUNOS',800,'M',1996,85165,'2.3L','MILLER CYCLE','68L','149Kw',5,'4A','4D SEDAN','FWD','2750mm'),(15186,'EUNOS',30,'X SPORT',1996,37155,'1.8L','ELECTRONIC F/IN','50L','99Kw',4,'5M','2D COUPE','FWD','2455mm'),(15199,'CHRYSLER',0,'CM GLX',1979,8014,'4.3L','CARB','79L','120Kw',5,'3A','4D SEDAN','RWD','2820mm'),(15200,'CHRYSLER',300,'LE MY06 CRD',2006,57990,'3.0L','DIESEL TURBO F/','71L','160Kw',5,'5A','4D SEDAN','RWD','3050mm'),(15201,'CHRYSLER',0,'RG SE',2002,52590,'3.3L','MULTI POINT F/I','75L','128Kw',7,'4A','4D WAGON','FWD','2787mm'),(15202,'CHRYSLER',0,'ZH ROADSTER',2005,75990,'3.2L','MULTI POINT F/I','60L','160Kw',2,'5ASeq','2D CONVERTIBLE','RWD','2400mm'),(15203,'CHRYSLER',0,'GS SE',1999,48200,'3.3L','MULTI POINT F/I','76L','116Kw',7,'4A','4D WAGON','FWD','2878mm'),(15204,'CHRYSLER',0,'MY06 CLASSIC',2005,31990,'2.4L','MULTI POINT F/I','57L','105Kw',5,'4A','5D HATCHBACK','FWD','2616mm'),(15205,'CHRYSLER',0,'CLASSIC',2001,35200,'2.0L','MULTI POINT F/I','57L','104Kw',5,'5M','5D HATCHBACK','FWD','2616mm'),(15206,'NULL',0,'NULL',0,0,'NULL','NULL','NULL','NULL',0,'NULL','NULL','NULL','NULL'),(15207,'CHRYSLER',300,'LE MY06 SRT8',2006,71990,'6.1L','MULTI POINT F/I','71L','317Kw',5,'5A','4D SEDAN','RWD','3050mm'),(15208,'CHRYSLER',0,'RG SE',2004,59090,'3.3L','MULTI POINT F/I','75L','128Kw',7,'4A','4D WAGON','FWD','3030mm'),(15209,'CHRYSLER',0,'SE',1997,24880,'2.0L','ELECTRONIC F/IN','47L','98Kw',5,'3A','4D SEDAN','FWD','2642mm'),(15210,'CHRYSLER',0,'CLASSIC',2004,32490,'2.0L','MULTI POINT F/I','57L','104Kw',5,'4A','5D HATCHBACK','FWD','2616mm'),(15220,'CHRYSLER',0,'RG 05 UPGRADE LX',2004,62980,'3.3L','MULTI POINT F/I','75L','128Kw',7,'4A','4D WAGON','FWD','3030mm'),(15221,'CHRYSLER',0,'LIMITED',2004,38490,'2.0L','MULTI POINT F/I','57L','104Kw',5,'4A','5D HATCHBACK','FWD','2616mm'),(15222,'CHRYSLER',0,'GS SE',2001,46900,'3.3L','MULTI POINT F/I','76L','116Kw',7,'4A','4D WAGON','FWD','2878mm'),(15223,'MAZDA',323,'PROTEGE',1999,20990,'1.6L','MULTI POINT F/I','55L','78Kw',5,'5M','4D SEDAN','FWD','2610mm'),(15224,'MAZDA',323,'ASTINA',1997,35700,'2.0L','MULTI POINT F/I','55L','104Kw',5,'5M','5D HATCHBACK','FWD','2605mm'),(15225,'MAZDA',323,'ASTINA SHADES',2001,20490,'1.6L','MULTI POINT F/I','55L','78Kw',5,'5M','5D HATCHBACK','FWD','2605mm'),(15226,'MAZDA',323,'DELUXE',1983,8835,'1.5L','CARB','45L','54Kw',4,'5M','4D WAGON','RWD','2315mm'),(15227,'MAZDA',323,'PROTEGE SHADES',2000,19715,'1.6L','MULTI POINT F/I','55L','78Kw',5,'5M','4D SEDAN','FWD','2610mm'),(15228,'MAZDA',323,'PROTEGE',1997,22915,'1.8L','MULTI POINT F/I','55L','92Kw',5,'5M','4D SEDAN','FWD','2605mm'),(15229,'MAZDA',323,'ASTINA',1995,31050,'1.8L','MULTI POINT F/I','55L','92Kw',5,'4A','5D HATCHBACK','FWD','2605mm'),(15230,'MAZDA',323,'PROTEGE',1998,22915,'1.8L','MULTI POINT F/I','55L','92Kw',5,'5M','4D SEDAN','FWD','2605mm'),(15240,'MAZDA',323,'PROTEGE',2000,19715,'1.6L','MULTI POINT F/I','55L','78Kw',5,'5M','4D SEDAN','FWD','2610mm'),(15241,'MAZDA',323,'ASTINA',1993,25715,'1.8L','MULTI POINT F/I','55L','76Kw',5,'5M','5D HATCHBACK','FWD','2500mm'),(15242,'MAZDA',323,'ASTINA SHADES',2000,19715,'1.6L','MULTI POINT F/I','55L','78Kw',5,'5M','5D HATCHBACK','FWD','2605mm'),(15243,'MAZDA',323,'ASTINA',1996,38270,'2.0L','MULTI POINT F/I','55L','104Kw',5,'5M','5D HATCHBACK','FWD','2605mm'),(15244,'MAZDA',323,'ASTINA',1998,28480,'1.8L','MULTI POINT F/I','55L','92Kw',5,'4A','5D HATCHBACK','FWD','2605mm'),(15245,'MAZDA',323,'SUPER DELUXE',1989,20210,'1.6L','MULTI POINT F/I','48L','61Kw',5,'4A','5D HATCHBACK','FWD','2400mm'),(15246,'MAZDA',323,'PROTEGE',2003,21840,'1.8L','MULTI POINT F/I','55L','92Kw',5,'4A','4D SEDAN','FWD','2610mm'),(15247,'MAZDA',323,'ASTINA',2003,21840,'1.8L','MULTI POINT F/I','55L','92Kw',5,'4A','5D HATCHBACK','FWD','2610mm'),(15248,'MAZDA',323,'SUPER DELUXE',1988,19390,'1.6L','CARB','48L','53Kw',5,'3A','5D HATCHBACK','FWD','2400mm'),(15249,'MAZDA',323,'ASTINA SHADES',1998,26990,'1.8L','MULTI POINT F/I','55L','92Kw',5,'5M','5D HATCHBACK','FWD','2605mm'),(15250,'MAZDA',323,'ASTINA SP',1994,30085,'1.8L','MULTI POINT F/I','55L','92Kw',5,'5M','5D HATCHBACK','FWD','2500mm'),(15259,'MAZDA',323,'LIMITED',1985,15826,'1.6L','MULTI POINT F/I','45L','61Kw',5,'5M','5D HATCHBACK','FWD','2400mm'),(15260,'MAZDA',323,'ASTINA SP20',2002,29180,'2.0L','MULTI POINT F/I','55L','98Kw',5,'5M','5D HATCHBACK','FWD','2610mm'),(15261,'MAZDA',323,'PROTEGE SHADES',2002,20695,'1.6L','MULTI POINT F/I','55L','78Kw',5,'5M','4D SEDAN','FWD','2605mm'),(15263,'MAZDA',323,'BJ PROTEGE SHADES',2003,19990,'1.8L','MULTI POINT F/I','55L','92Kw',5,'5M','4D SEDAN','FWD','2610mm'),(15264,'MAZDA',323,'PROTEGE SP20',2002,26990,'2.0L','MULTI POINT F/I','55L','98Kw',5,'5M','4D SEDAN','FWD','2610mm'),(15280,'MITSUBISHI',380,'DB',2005,35990,'3.8L','MULTI POINT F/I','67L','175Kw',5,'5ASPM','4D SEDAN','FWD','2750mm'),(15282,'TOYOTA',4,'DELUXE 4x4',1989,28200,'2.4L','CARB','65L','75Kw',5,'5M4x4','4D WAGON','4WD','2625mm'),(15284,'TOYOTA',4,'RV6 4x4',1992,36954,'3.0L','ELECTRONIC F/IN','65L','105Kw',5,'4A4x4','4D WAGON','4WD','2625mm'),(15297,'MAZDA',626,'CLASSIC',2000,31070,'2.0L','MULTI POINT F/I','64L','93Kw',5,'5M','5D HATCHBACK','FWD','2610mm'),(15300,'MAZDA',626,'ECLIPSE',2002,31980,'2.0L','MULTI POINT F/I','64L','93Kw',5,'4A','4D SEDAN','FWD','2610mm'),(15301,'MAZDA',626,'LUXURY',1999,37290,'2.0L','MULTI POINT F/I','64L','93Kw',5,'4A','5D HATCHBACK','FWD','2610mm'),(15302,'MAZDA',626,'DELUXE',1994,31335,'2.0L','MULTI POINT F/I','60L','85Kw',5,'4A','4D SEDAN','FWD','2610mm'),(15303,'MAZDA',626,'CLASSIC',1998,30180,'2.0L','MULTI POINT F/I','64L','93Kw',5,'5M','4D SEDAN','FWD','2610mm'),(15304,'MAZDA',626,'CLASSIC',1999,32430,'2.0L','MULTI POINT F/I','64L','93Kw',5,'4A','4D SEDAN','FWD','2610mm'),(15305,'MAZDA',626,'CLASSIC',2001,32900,'2.0L','MULTI POINT F/I','64L','93Kw',5,'4A','5D HATCHBACK','FWD','2610mm'),(15306,'MAZDA',626,'LIMITED EDITION',2000,30160,'2.0L','MULTI POINT F/I','64L','93Kw',5,'5M','4D SEDAN','FWD','2610mm'),(15307,'AUDI',0,'B6 2.0',2002,50650,'2.0L','MULTI POINT F/I','70L','96Kw',5,'CVTM','4D SEDAN','FWD','2650mm'),(15308,'AUDI',0,'8P SPORTBACK 2.0 TDI AMBITION DSG',2005,47750,'2.0L','DIESEL TURBO F/','55L','103Kw',5,'6ADSG','5D HATCHBACK','FWD','2578mm'),(15309,'AUDI',90,'SPORT',1990,42245,'2.3L','ELECTRONIC F/IN','68L','100Kw',5,'5M','4D SEDAN','FWD','2546mm'),(15310,'AUDI',0,'B7 2.0',2007,50450,'2.0L','MULTI POINT F/I','70L','96Kw',5,'CVTM','4D SEDAN','FWD','2648mm'),(15316,'AUDI',0,'MY99',1999,73000,'1.8L','TURBO MPFI','55L','132Kw',4,'5M','2D COUPE','FWD','2419mm'),(15317,'AUDI',0,'1.8 SE 20V',1996,51320,'1.8L','MULTI POINT F/I','60L','92Kw',5,'4A','4D SEDAN','FWD','2617mm'),(15321,'AUDI',0,'B6 2.0 AVANT',2003,54250,'2.0L','MULTI POINT F/I','70L','96Kw',5,'CVTM6','4D WAGON','FWD','2650mm'),(15322,'AUDI',0,'C5',2001,99250,'2.7L','TWIN TURBO MPFI','70L','184Kw',5,'5ATip','4D WAGON','AWD','2760mm'),(15323,'AUDI',0,'1.6',2003,35400,'1.6L','MULTI POINT F/I','55L','75Kw',5,'5M','5D HATCHBACK','FWD','2512mm'),(15324,'AUDI',0,'1.8',2000,65850,'1.8L','TURBO MPFI','62L','154Kw',5,'6M','3D HATCHBACK','AWD','2519mm'),(15325,'AUDI',0,'8P SPORTBACK 2.0 TDI AMBITION DSG',2006,47750,'2.0L','DIESEL TURBO F/','55L','103Kw',5,'6ADSG','5D HATCHBACK','FWD','2578mm'),(15326,'AUDI',0,'1.8',1999,42450,'1.8L','MULTI POINT F/I','55L','92Kw',5,'4A','3D HATCHBACK','FWD','2512mm'),(15327,'AUDI',0,'1.8 TURBO',2004,44950,'1.8L','TURBO MPFI','55L','110Kw',5,'5M','5D HATCHBACK','FWD','2512mm'),(15328,'AUDI',0,'QUATTRO',2004,92500,'1.8L','TURBO MPFI','62L','165Kw',2,'6M','2D ROADSTER','AWD','2429mm'),(15329,'AUDI',0,'1.8',2002,38700,'1.8L','MULTI POINT F/I','55L','92Kw',5,'5M','5D HATCHBACK','FWD','2512mm'),(15330,'AUDI',0,'4B 2.4 V6',2003,80900,'2.4L','MULTI POINT F/I','70L','125Kw',5,'CVTM6','4D SEDAN','FWD','2749mm'),(15340,'SAAB',9,'MY07 LINEAR SPORT 1.9TiD SPORTCOMBI',2007,53400,'1.9L','TURBO MPFI','58L','110Kw',5,'5A','4D WAGON','FWD','2675mm'),(15341,'SAAB',9,'SE',2000,67986,'2.3L','TURBO MPFI','75L','125Kw',5,'4A','4D SEDAN','FWD','2703mm'),(15342,'SAAB',9,'MY04 ARC 2.0T',2004,56400,'2.0L','TURBO MPFI','62L','129Kw',5,'5A','4D SEDAN','FWD','2675mm'),(15343,'SAAB',9,'MY02 AERO',2002,64575,'2.0L','TURBO MPFI','68L','151Kw',5,'4A','5D HATCHBACK','FWD','2605mm'),(15344,'SAAB',9,'MY04 AERO',2004,84900,'2.3L','TURBO MPFI','75L','184Kw',5,'5AST','4D SEDAN','FWD','2703mm'),(15345,'SAAB',900,'SE 2.5 V6',1996,63900,'2.5L','MULTI POINT F/I','68L','125Kw',5,'4A','5D HATCHBACK','FWD','2600mm'),(15346,'SAAB',9,'MY03 TURBO 2.0t LTD ED',2003,73000,'2.0L','TURBO MPFI','68L','110Kw',5,'4A','2D CONVERTIBLE','FWD','2605mm'),(15347,'SAAB',9000,'CS ANNIVERSARY',1998,54900,'2.3L','TURBO EFI','66L','125Kw',5,'4A','4D HATCHBACK','FWD','2672mm'),(15348,'SAAB',900,'S 2.5 V6',1994,45900,'2.5L','MULTI POINT F/I','68L','125Kw',5,'5M','5D HATCHBACK','FWD','2600mm'),(15349,'SAAB',9,'MY01 S',2001,64000,'2.3L','TURBO MPFI','75L','136Kw',5,'4A','4D SEDAN','FWD','2703mm'),(15350,'SAAB',9,'MY05 AERO',2005,93000,'2.0L','TURBO MPFI','62L','155Kw',4,'5ASEN','2D CONVERTIBLE','FWD','2675mm'),(15357,'SAAB',9000,'CSE',1994,79200,'2.3L','TURBO EFI','66L','147Kw',5,'4A','4D HATCHBACK','FWD','2672mm'),(15360,'SAAB',9,'AERO',2000,80887,'2.0L','TURBO MPFI','64L','158Kw',5,'5M','2D CONVERTIBLE','FWD','2605mm'),(15361,'SAAB',9,'S',2001,63885,'2.0L','TURBO MPFI','68L','113Kw',4,'5M','2D CONVERTIBLE','FWD','2605mm'),(15362,'SAAB',9,'MY04 AERO 2.0t',2004,67900,'2.0L','TURBO MPFI','62L','155Kw',5,'6M','4D SEDAN','FWD','2675mm'),(15363,'SAAB',9000,'CS',1997,52000,'2.3L','TURBO EFI','66L','125Kw',5,'4A','4D HATCHBACK','FWD','2672mm'),(15364,'SAAB',9000,'CS',1996,50400,'2.3L','TURBO EFI','66L','125Kw',5,'4A','4D HATCHBACK','FWD','2672mm'),(15365,'SAAB',9,'S',2000,65985,'2.0L','TURBO MPFI','68L','113Kw',4,'4A','2D CONVERTIBLE','FWD','2605mm'),(15366,'SAAB',9,'SE',1999,62000,'2.0L','TURBO MPFI','68L','136Kw',5,'4A','5D SEDAN','FWD','2605mm'),(15367,'SAAB',9000,'CD 16',1993,46990,'2.3L','ELECTRONIC F/IN','66L','108Kw',5,'4A','4D SEDAN','FWD','2672mm'),(15368,'MAZDA',929,'DELUXE',1987,23010,'2.0L','MULTI POINT F/I','60L','70Kw',5,'5M','4D SEDAN','RWD','2615mm'),(15369,'MAZDA',929,'LUXURY',1986,29600,'2.0L','MULTI POINT F/I','60L','70Kw',5,'4A','2D HARDTOP','RWD','2615mm'),(15400,'HONDA',0,'40 VTi',2005,29990,'2.4L','MULTI POINT F/I','65L','118Kw',5,'5A','4D SEDAN','FWD','2740mm');
/*!40000 ALTER TABLE `cars` ENABLE KEYS */;
UNLOCK TABLES;

--
-- Table structure for table `customers`
--

DROP TABLE IF EXISTS `customers`;
/*!40101 SET @saved_cs_client     = @@character_set_client */;
/*!40101 SET character_set_client = utf8 */;
CREATE TABLE `customers` (
  `customerID` int(11) NOT NULL AUTO_INCREMENT,
  `name` varchar(45) DEFAULT NULL,
  `phone` int(15) DEFAULT NULL,
  `address` varchar(65) DEFAULT NULL,
  `birthday` int(8) DEFAULT NULL,
  `occupation` varchar(15) DEFAULT NULL,
  `gender` varchar(1) DEFAULT NULL,
  PRIMARY KEY (`customerID`)
) ENGINE=InnoDB AUTO_INCREMENT=11560 DEFAULT CHARSET=utf8;
/*!40101 SET character_set_client = @saved_cs_client */;

--
-- Dumping data for table `customers`
--

LOCK TABLES `customers` WRITE;
/*!40000 ALTER TABLE `customers` DISABLE KEYS */;
INSERT INTO `customers` VALUES (11010,'Jacquelyn S',1,'7800 Corrinne Court',16,'Labour','M'),(11011,'Curtis L',1,'1224 Shoenic',14,'Labour','M'),(11012,'Lauren W',717,'4785 Scott Street',28,'Labour','F'),(11013,'Ian J',817,'7902 Hudson Ave.',16,'Labour','M'),(11014,'Sydney B',431,'9011 Tank Drive',19,'Labour','M'),(11015,'Chloe Y',208,'244 Willow Pass Road',10,'Labour','F'),(11016,'Wyatt H',135,'9666 Northridge Ct.',18,'Labour','M'),(11017,'Shannon W',1,'7330 Saddlehill Lane',16,'Labour','M'),(11018,'Clarence R',1,'244 Rivewview',19,'Labour','F'),(11019,'Luke L',262,'7832 Landing Dr',10,'Labour','M'),(11050,'Alan Z',1,'2741 Gainborough Dr.',10,'Labour','F'),(11051,'Daniel J',1,'8085 Sunnyvale Avenue',14,'Labour','M'),(11052,'Heidi L',1,'2514 Via Cordona',10,'Labour','F'),(11053,'Ana P',859,'1660 Stonyhill Circle',10,'Labour','M'),(11054,'Deanna M',1,'5825 B Way',20,'Labour','M'),(11055,'Gilbert R',1,'8811 The Trees Dr.',15,'Labour','F'),(11056,'Michele N',1,'5464 Janin Pl.',13,'Labour','M'),(11057,'Carl A',1,'6930 Lake Nadine Place',21,'Labour','F'),(11058,'Marc D',1,'6645 Sinaloa',10,'Labour','F'),(11059,'Ashlee A',1,'8255 Highland Road',13,'Labour','F'),(11111,'Meredith G',1,'7610 Northridge Ct.',13,'Labour','M'),(11112,'Crystal W',1,'2773 Kirkwood Dr',19,'Labour','F'),(11113,'Micheal B',1,'596 Marfargoa Drive',13,'Labour','M'),(11114,'Leslie M',1,'7941 Cristobal',18,'Labour','M'),(11115,'Alvin C',1,'7759 Azalea Avenue',21,'Labour','M'),(11116,'Clinton C',1,'7943 Cunha Ct.',10,'Labour','M'),(11117,'April D',1,'485 Ash Lane',13,'Labour','F'),(11119,'Evan J',1,'4157 Sierra Ridge',20,'Retiree','F'),(11150,'Russell S',1,'4755 Easley Drive',25,'Retiree','F'),(11151,'Melinda G',1,'805 Rainier Dr.',15,'Labour','F'),(11152,'James W',355,'6827 Seagull Court',20,'Labour','F'),(11153,'Angela J',847,'8877 Weatherly Drive',13,'Labour','F'),(11154,'Megan W',918,'6898 Holiday Hills',13,'Labour','F'),(11155,'Hunter R',891,'8356 Mori Court',16,'Labour','F'),(11156,'Maria R',158,'9452 Mariposa Ct.',10,'Labour','M'),(11157,'Hannah L',974,'1832 Preston Ct.',23,'Labour','M'),(11158,'Jason W',694,'6771 Bundros Court',18,'Labour','F'),(11159,'Brianna H',319,'6793 Bonifacio St.',20,'Labour','F'),(11210,'Edward W',229,'1039 Adelaide St.',18,'Researcher','M'),(11213,'Stephanie M',293,'5514 Grant Street',24,'Researcher','M'),(11214,'Charles M',389,'2719 Little Dr',10,'Researcher','F'),(11215,'Ana P',446,'3114 Arlington Way',13,'Researcher','M'),(11216,'Jasmine T',939,'8328 San Francisco',10,'Researcher','F'),(11217,'Natalie A',300,'6592 Bent Tree Lane',23,'Researcher','F'),(11218,'Olivia B',414,'3964 Stony Hill Circle',23,'Researcher','M'),(11219,'Charles C',755,'6871 Bel Air Dr.',11,'Researcher','F'),(11250,'Shannon L',1,'4185 Keywood Ct.',21,'Manager','F'),(11251,'Xavier L',243,'9245 Dantley Way',14,'Retiree','M'),(11252,'Nicholas T',377,'504 O St.',10,'Retiree','M'),(11253,'Jos_ H',712,'5703 Donald Dr.',18,'Retiree','M'),(11254,'Johnathan V',494,'9430 Versailles Pl',13,'Retiree','M'),(11255,'Colin L',599,'6083 San Jose',14,'Retiree','F'),(11256,'Katelyn H',249,'7496 Deerfield Dr.',10,'Retiree','M'),(11257,'Jacqueline P',796,'4076 Northwood Dr',16,'Retiree','F'),(11258,'Xavier H',559,'2707 Virgil Street',18,'Retiree','F'),(11259,'Victoria S',230,'3623 Barquentine Court',10,'Manager','M'),(11310,'Erin S',233,'7541 Black Point Pl',19,'Manager','M'),(11311,'Gabrielle L',783,'8619 Parkside Dr.',14,'Manager','F'),(11312,'Sara R',296,'7375 Kipling Court',13,'Manager','M'),(11313,'Trevor J',120,'4697 Yosemite Dr.',10,'Manager','F'),(11314,'Mya F',522,'8439 Rio Grande Drive',13,'Manager','F'),(11315,'Hailey W',767,'6321 Maya',13,'Manager','F'),(11316,'Luke A',786,'419 Deermeadow Way',20,'Manager','F'),(11317,'Victoria R',663,'9268 Keller Ridge',20,'Manager','M'),(11318,'Jessica W',702,'1652 Willcrest Circle',16,'Manager','M'),(11319,'Jade B',819,'8119 Northridge Ct',10,'Retiree','F'),(11350,'Cara Z',1,'7280 Greendell Pl',24,'Retiree','M'),(11351,'Anne R',1,'7113 Eastgate Ave.',16,'Retiree','M'),(11352,'Raymond R',1,'24, impasse Ste-Madeleine',10,'Retiree','F'),(11353,'Carrie O',1,'1883 Cowell Rd.',23,'Retiree','M'),(11354,'Deanna S',1,'Dunckerstr 22525',13,'Manager','M'),(11355,'Roberto G',1,'3545 Chickpea Ct.',18,'Manager','M'),(11356,'Terrence C',1,'6613 Thornhill Place',10,'Manager','F'),(11357,'Ramon Y',1,'3245 Vista Oak Dr.',13,'Manager','M'),(11358,'Cynthia M',1,'6757 Pamplona Ct.',23,'Manager','F'),(11359,'Jarrod P',1,'7657 H St.',14,'Manager','M'),(11410,'Maurice G',1,'15, avenue de la Gare',15,'Manager','M'),(11411,'Devin R',1,'Postenweg 2428',21,'Manager','M'),(11412,'Sydney B',1,'Postfach 99 92 92',19,'Manager','M'),(11413,'Megan S',1,'8192 Seagull Court',25,'Manager','F'),(11414,'Ian R',1,'726 W. Buchanan Rd.',8,'Manager','M'),(11415,'Randy S',1,'Rostr 5538',15,'Manager','M'),(11416,'Katrina B',1,'8205, rue Malar',29,'Manager','F'),(11417,'Lacey Z',1,'4, rue de Linois',16,'Manager','F'),(11418,'Rafael H',1,'Zeiter Weg 7765',19,'Manager','M'),(11419,'Kyle S',1,'9381 Alpine Rd.',28,'Manager','M'),(11459,'Tasha D',1,'9627 Kendall Rd',23,'Nurse','M'),(11510,'Seth R',199,'5989 Concord Ave',23,'Nurse','M'),(11511,'Caleb P',786,'2324 Cherry Street',24,'Nurse','F'),(11512,'Natalie C',178,'3481 Broadmoor Drive',23,'Nurse','M'),(11513,'Alyssa H',805,'5780 Conifer Terrace',10,'Nurse','M'),(11514,'Dalton D',994,'8033 Danesta Dr.',10,'Nurse','F'),(11515,'Shannon H',458,'4679 Duke Way',15,'Nurse','F'),(11516,'Mya G',211,'8826 Fine Drive',13,'Nurse','F'),(11517,'Katherine B',802,'8761 Dancing Court',10,'Nurse','F'),(11518,'Edward W',446,'2747 Carmel Dr.',20,'Nurse','F'),(11519,'Jerome N',934,'9537 Ridgewood Drive',20,'Nurse','M'),(11535,'Alexandria H',1,'11, rue de la Cavalerie',18,'Retiree','M'),(11550,'Deb T',1,'7553 Harness Circle',18,'Nurse','M'),(11551,'Shannon A',1,'268, avenue de la Europe',15,'Nurse','F'),(11552,'Eddie R',1,'Heiderplatz 662',10,'Nurse','M'),(11553,'Sharon L',1,'6804 Coldwater Drive',19,'Nurse','F'),(11554,'Sydney S',1,'88, avenuephone de la Union Centrale',18,'Retiree','F'),(11556,'Lucas E',1,'3663 A St.',24,'Nurse','M'),(11557,'Felicia R',1,'9557 Steven Circle',25,'Nurse','M'),(11558,'Ivan M',1,'5086 Nottingham Place',11,'Nurse','M'),(11559,'Frederick S',1,'Rotth user Weg 636',26,'Nurse','M');
/*!40000 ALTER TABLE `customers` ENABLE KEYS */;
UNLOCK TABLES;

--
-- Table structure for table `orders`
--

DROP TABLE IF EXISTS `orders`;
/*!40101 SET @saved_cs_client     = @@character_set_client */;
/*!40101 SET character_set_client = utf8 */;
CREATE TABLE `orders` (
  `orderID` int(11) NOT NULL AUTO_INCREMENT,
  `creationDate` varchar(45) DEFAULT NULL,
  `dateRented` varchar(15) DEFAULT NULL,
  `dateReturned` varchar(15) DEFAULT NULL,
  `customerID` int(11) DEFAULT NULL,
  `carID` int(11) DEFAULT NULL,
  `pickupStoreID` int(11) DEFAULT NULL,
  `returnStoreID` int(11) DEFAULT NULL,
  PRIMARY KEY (`orderID`),
  KEY `customerID` (`customerID`),
  KEY `carID` (`carID`),
  KEY `pickupStoreID` (`pickupStoreID`),
  KEY `returnStoreID` (`returnStoreID`),
  CONSTRAINT `orders_ibfk_1` FOREIGN KEY (`customerID`) REFERENCES `customers` (`customerID`),
  CONSTRAINT `orders_ibfk_2` FOREIGN KEY (`carID`) REFERENCES `cars` (`carID`),
  CONSTRAINT `orders_ibfk_3` FOREIGN KEY (`pickupStoreID`) REFERENCES `stores` (`storeID`),
  CONSTRAINT `orders_ibfk_4` FOREIGN KEY (`returnStoreID`) REFERENCES `stores` (`storeID`)
) ENGINE=InnoDB AUTO_INCREMENT=601 DEFAULT CHARSET=utf8;
/*!40101 SET character_set_client = @saved_cs_client */;

--
-- Dumping data for table `orders`
--

LOCK TABLES `orders` WRITE;
/*!40000 ALTER TABLE `orders` DISABLE KEYS */;
INSERT INTO `orders` VALUES (3,'3/7/05','3/7/05','11/7/05',11014,14806,3,16),(4,'4/7/05','4/7/05','9/7/05',11012,14816,12,8),(5,'5/7/05','5/7/05','10/7/05',11011,14810,5,5),(6,'6/7/05','9/7/05','15/7/05',11011,14812,6,25),(7,'7/7/05','7/7/05','15/7/05',11014,14814,7,14),(8,'8/7/05','9/7/05','16/7/05',11016,14816,8,29),(9,'9/7/05','9/7/05','18/7/05',11014,14818,9,18),(11,'11/7/05','11/7/05','16/7/05',11059,14811,11,13),(12,'12/7/05','15/7/05','13/8/05',11017,14812,25,25),(13,'13/7/05','14/7/05','21/7/05',11054,14813,50,13),(14,'14/7/05','15/7/05','19/7/05',11055,14814,14,14),(15,'15/7/05','15/7/05','24/7/05',11056,14815,15,15),(16,'16/7/05','16/7/05','17/8/05',11052,14816,29,29),(17,'17/7/05','17/7/05','22/7/05',11011,14817,17,50),(18,'18/7/05','18/7/05','23/7/05',11055,14818,18,18),(19,'19/7/05','20/7/05','10/8/05',11017,14819,14,14),(20,'20/7/05','23/7/05','4/8/05',11052,14835,15,35),(21,'21/7/05','21/7/05','10/8/05',11053,14842,50,1),(22,'22/7/05','22/7/05','8/8/05',11018,14839,17,39),(23,'23/7/05','23/7/05','7/8/05',11015,14838,15,25),(24,'24/7/05','27/7/05','12/8/05',11018,14843,19,19),(25,'25/7/05','25/7/05','14/8/05',11016,14850,25,5),(26,'26/7/05','29/7/05','14/8/05',11018,14847,21,21),(27,'27/7/05','27/7/05','12/8/05',11051,14846,19,3),(28,'28/7/05','28/7/05','21/8/05',11054,14851,50,22),(29,'29/7/05','29/7/05','18/8/05',11016,14858,29,9),(30,'30/7/05','30/7/05','20/8/05',11016,14860,30,10),(31,'31/7/05','31/7/05','24/8/05',11012,14831,21,24),(32,'1/8/05','4/8/05','6/8/05',11015,14832,21,21),(33,'2/8/05','2/8/05','7/8/05',11019,14833,33,15),(34,'3/8/05','3/8/05','24/8/05',11057,14834,21,21),(35,'4/8/05','4/8/05','13/8/05',11056,14835,35,35),(36,'5/8/05','5/8/05','26/8/05',11057,14836,23,23),(37,'6/8/05','6/8/05','15/8/05',11013,14837,37,37),(38,'7/8/05','7/8/05','28/8/05',11012,14838,25,25),(39,'8/8/05','8/8/05','16/8/05',11014,14839,39,9),(40,'9/8/05','10/8/05','21/9/05',11013,14880,40,15),(41,'10/8/05','10/8/05','19/8/05',11016,14842,1,1),(42,'11/8/05','14/8/05','16/8/05',11015,14855,13,13),(43,'12/8/05','12/8/05','17/8/05',11059,14846,3,10),(44,'13/8/05','16/8/05','28/8/05',11051,14859,15,19),(45,'14/8/05','14/8/05','23/8/05',11053,14850,5,5),(46,'15/8/05','15/8/05','1/9/05',11051,14863,17,23),(47,'16/8/05','16/8/05','24/8/05',11053,14854,7,14),(48,'17/8/05','18/8/05','8/9/05',11017,14870,22,30),(49,'18/8/05','18/8/05','27/8/05',11053,14858,9,18),(50,'19/8/05','20/8/05','29/8/05',11050,14860,10,11),(51,'20/8/05','21/8/05','25/8/05',11015,14851,22,22),(52,'21/8/05','21/8/05','7/9/05',11015,14852,23,16),(53,'22/8/05','22/8/05','10/9/05',11018,14853,9,9),(54,'23/8/05','24/8/05','12/9/05',11053,14854,14,14),(55,'24/8/05','24/8/05','15/9/05',11012,14831,24,24),(56,'25/8/05','26/8/05','10/9/05',11019,14856,16,14),(57,'26/8/05','26/8/05','14/9/05',11018,14857,13,13),(58,'27/8/05','27/8/05','12/9/05',11011,14858,18,18),(59,'28/8/05','28/8/05','13/9/05',11019,14859,19,9),(60,'29/8/05','29/8/05','10/9/05',11012,14860,11,11),(61,'30/8/05','30/8/05','18/9/05',11054,14861,17,21),(62,'31/8/05','31/8/05','16/9/05',11011,14862,50,22),(63,'1/9/05','1/9/05','10/9/05',11053,14863,23,23),(64,'2/9/05','2/9/05','23/9/05',11052,14864,17,17),(65,'3/9/05','3/9/05','11/9/05',11054,14865,18,25),(66,'4/9/05','5/9/05','13/9/05',11056,14866,26,26),(67,'5/9/05','5/9/05','10/9/05',11011,14867,27,27),(68,'6/9/05','7/9/05','7/9/05',11057,14852,16,17),(69,'7/9/05','7/9/05','28/9/05',11057,14852,17,17),(70,'8/9/05','8/9/05','13/9/05',11055,14870,30,30),(71,'9/9/05','9/9/05','14/9/05',11011,14871,31,31),(72,'10/9/05','11/9/05','1/10/05',11010,14872,32,21),(73,'11/9/05','11/9/05','16/9/05',11015,14873,23,23),(74,'12/9/05','15/9/05','17/9/05',11015,14874,24,24),(75,'13/9/05','14/9/05','14/10/05',11017,14875,28,28),(76,'14/9/05','15/9/05','19/9/05',11015,14876,26,26),(77,'15/9/05','15/9/05','24/9/05',11013,14877,37,37),(78,'16/9/05','17/9/05','24/9/05',11014,14878,38,13),(79,'17/9/05','17/9/05','25/9/05',11014,14879,39,14),(80,'18/9/05','21/9/05','19/10/05',11017,14880,15,15),(81,'19/9/05','19/9/05','24/9/05',11051,14881,13,13),(82,'20/9/05','20/9/05','11/10/05',11057,14882,12,12),(83,'21/9/05','21/9/05','26/9/05',11055,14883,3,3),(84,'22/9/05','23/9/05','10/10/05',11010,14884,4,4),(85,'23/9/05','24/9/05','14/10/05',11052,14885,20,20),(86,'24/9/05','27/9/05','12/10/05',11054,14886,21,6),(87,'25/9/05','25/9/05','13/10/05',11058,14887,7,7),(88,'26/9/05','26/9/05','17/10/05',11052,14888,23,23),(89,'27/9/05','27/9/05','12/10/05',11051,14889,21,21),(90,'28/9/05','29/9/05','19/10/05',11057,14890,20,20),(91,'29/9/05','29/9/05','17/10/05',11014,14891,11,10),(92,'30/9/05','30/9/05','15/10/05',11015,14892,24,24),(93,'1/10/05','1/10/05','7/10/05',11012,14872,21,26),(94,'2/10/05','2/10/05','7/10/05',11051,14894,24,24),(95,'3/10/05','3/10/05','8/10/05',11015,14895,25,25),(96,'4/10/05','5/10/05','9/10/05',11051,14896,26,26),(97,'5/10/05','5/10/05','13/10/05',11014,14897,17,14),(98,'6/10/05','7/10/05','27/10/05',11012,14872,26,26),(99,'7/10/05','8/10/05','28/10/05',11017,14899,14,14),(100,'8/10/05','9/10/05','17/10/05',11016,14900,20,20),(101,'9/10/05','9/10/05','18/10/05',11113,14901,21,21),(102,'10/10/05','10/10/05','18/10/05',11114,14902,17,22),(103,'11/10/05','11/10/05','22/10/05',11114,14903,18,10),(104,'12/10/05','15/10/05','21/10/05',11116,14904,24,24),(105,'13/10/05','13/10/05','18/10/05',11115,14905,25,25),(106,'14/10/05','14/10/05','25/10/05',11112,14906,21,10),(107,'15/10/05','15/10/05','24/10/05',11113,14907,27,27),(108,'16/10/05','17/10/05','21/10/05',11111,14908,20,20),(109,'17/10/05','17/10/05','22/10/05',11119,14909,29,15),(110,'18/10/05','21/10/05','19/11/05',11112,14910,25,25),(111,'19/10/05','19/10/05','10/11/05',11117,14911,21,21),(112,'20/10/05','21/10/05','25/10/05',11119,14912,32,10),(113,'21/10/05','22/10/05','26/10/05',11114,14903,10,14),(114,'22/10/05','23/10/05','27/10/05',11111,14914,26,26),(115,'23/10/05','23/10/05','28/10/05',11115,14915,35,35),(116,'24/10/05','25/10/05','8/11/05',11111,14906,10,25),(117,'25/10/05','26/10/05','26/10/05',11114,14903,14,15),(118,'26/10/05','26/10/05','28/10/05',11112,14903,15,16),(119,'27/10/05','28/10/05','15/11/05',11114,14903,16,39),(120,'28/10/05','28/10/05','10/11/05',11117,14920,12,13),(121,'29/10/05','29/10/05','17/11/05',11114,14921,18,1),(122,'30/10/05','30/10/05','18/11/05',11158,14922,2,2),(123,'31/10/05','31/10/05','12/11/05',11116,14923,3,9),(124,'1/11/05','1/11/05','12/11/05',11111,14924,15,10),(125,'2/11/05','2/11/05','11/11/05',11116,14925,5,5),(126,'3/11/05','4/11/05','24/11/05',11112,14926,20,20),(127,'4/11/05','4/11/05','28/11/05',11115,14927,7,24),(128,'5/11/05','6/11/05','13/11/05',11158,14928,8,8),(129,'6/11/05','7/11/05','1/12/05',11159,14929,20,25),(130,'7/11/05','7/11/05','15/11/05',11114,14930,24,10),(131,'8/11/05','8/11/05','14/11/05',11157,14906,25,31),(132,'9/11/05','12/11/05','15/11/05',11156,14923,9,15),(133,'10/11/05','10/11/05','14/11/05',11158,14920,13,16),(134,'11/11/05','12/11/05','12/11/05',11114,14924,10,11),(135,'12/11/05','12/11/05','10/12/05',11150,14924,11,28),(136,'13/11/05','14/11/05','16/11/05',11119,14920,16,19),(137,'14/11/05','14/11/05','15/12/05',11157,14906,31,31),(138,'15/11/05','15/11/05','24/11/05',11156,14923,15,15),(139,'16/11/05','16/11/05','6/12/05',11151,14920,19,36),(140,'17/11/05','18/11/05','22/11/05',11155,14940,20,20),(141,'18/11/05','18/11/05','10/12/05',11154,14941,21,12),(142,'19/11/05','19/11/05','10/12/05',11152,14942,18,18),(143,'20/11/05','20/11/05','2/12/05',11154,14943,23,12),(144,'21/11/05','24/11/05','6/12/05',11153,14944,21,14),(145,'22/11/05','22/11/05','11/12/05',11116,14945,25,25),(146,'23/11/05','24/11/05','28/11/05',11155,14946,26,26),(147,'24/11/05','24/11/05','5/12/05',11117,14947,18,10),(148,'25/11/05','26/11/05','10/12/05',11119,14948,28,11),(149,'26/11/05','27/11/05','15/12/05',11153,14949,26,26),(150,'27/11/05','27/11/05','15/12/05',11154,14950,30,30),(151,'28/11/05','28/11/05','13/12/05',11111,14927,24,24),(152,'29/11/05','29/11/05','10/12/05',11157,14924,28,28),(153,'30/11/05','30/11/05','19/12/05',11153,14941,12,12),(154,'1/12/05','1/12/05','6/12/05',11111,14929,25,25),(155,'2/12/05','2/12/05','7/12/05',11156,14943,12,16),(156,'3/12/05','6/12/05','8/12/05',11155,14920,36,36),(157,'4/12/05','5/12/05','9/12/05',11159,14947,10,12),(158,'5/12/05','6/12/05','8/12/05',11157,14944,14,17),(159,'6/12/05','7/12/05','7/12/05',11156,14943,16,17),(160,'7/12/05','7/12/05','11/12/05',11153,14943,17,20),(161,'8/12/05','8/12/05','12/12/05',11152,14944,17,20),(162,'9/12/05','10/12/05','3/1/06',11154,14967,2,26),(163,'10/12/05','11/12/05','15/12/05',11156,14943,20,25),(164,'11/12/05','12/12/05','18/12/05',11150,14944,20,27),(165,'12/12/05','12/12/05','22/12/05',11158,14960,5,15),(166,'13/12/05','13/12/05','19/12/05',11154,14961,6,9),(167,'14/12/05','14/12/05','24/12/05',11154,14962,7,14),(168,'15/12/05','15/12/05','24/12/05',11156,14943,25,25),(169,'16/12/05','16/12/05','24/12/05',11158,14964,9,9),(170,'17/12/05','20/12/05','19/12/05',11156,14961,9,11),(171,'18/12/05','18/12/05','20/12/05',11157,14944,27,29),(172,'19/12/05','19/12/05','11/1/06',11156,14961,11,22),(173,'20/12/05','20/12/05','11/1/06',11152,14944,29,29),(174,'21/12/05','22/12/05','1/1/06',11158,14969,14,25),(175,'22/12/05','22/12/05','10/1/06',11158,14960,15,15),(176,'23/12/05','24/12/05','24/12/05',11157,14962,14,15),(177,'24/12/05','24/12/05','26/12/05',11152,14962,15,16),(178,'25/12/05','26/12/05','26/12/05',11152,14962,16,17),(179,'26/12/05','26/12/05','28/12/05',11152,14962,17,20),(180,'27/12/05','28/12/05','10/1/06',11155,14962,20,20),(181,'28/12/05','28/12/05','3/1/06',11154,14966,21,21),(182,'29/12/05','29/12/05','15/1/06',11157,14962,20,38),(183,'30/12/05','30/12/05','6/1/06',11156,14961,22,30),(184,'31/12/05','31/12/05','16/1/06',11159,14965,19,15),(185,'1/1/06','1/1/06','5/1/06',11158,14969,25,28),(186,'2/1/06','3/1/06','6/1/06',11151,14967,26,22),(187,'3/1/06','3/1/06','12/1/06',11153,14966,21,21),(188,'4/1/06','5/1/06','9/1/06',11151,14969,28,28),(189,'5/1/06','6/1/06','7/1/06',11157,14967,22,24),(190,'6/1/06','6/1/06','11/1/06',11151,14961,30,30),(191,'7/1/06','7/1/06','10/1/06',11152,14967,24,26),(192,'8/1/06','9/1/06','13/1/06',11151,14963,32,32),(193,'9/1/06','10/1/06','12/1/06',11157,14967,26,28),(194,'10/1/06','13/1/06','12/1/06',11150,14985,9,11),(195,'11/1/06','12/1/06','12/2/06',11152,14967,28,28),(196,'12/1/06','12/1/06','13/1/06',11150,14985,11,12),(197,'13/1/06','13/1/06','21/1/06',11150,14985,12,12),(198,'14/1/06','15/1/06','22/1/06',11158,14962,38,38),(199,'15/1/06','15/1/06','24/1/06',11156,14984,15,15),(200,'16/1/06','17/1/06','21/1/06',11154,15004,40,4),(201,'17/1/06','17/1/06','3/2/06',11250,15001,1,18),(202,'18/1/06','19/1/06','23/1/06',11259,15002,2,11),(203,'19/1/06','19/1/06','11/2/06',11258,15003,18,12),(204,'20/1/06','21/1/06','29/1/06',11256,15004,4,13),(205,'21/1/06','21/1/06','27/1/06',11251,15005,5,11),(206,'22/1/06','25/1/06','11/2/06',11259,15006,6,9),(207,'23/1/06','23/1/06','12/2/06',11253,15007,7,7),(208,'24/1/06','24/1/06','24/2/06',11258,15008,23,38),(209,'25/1/06','25/1/06','2/2/06',11253,15009,9,16),(210,'26/1/06','27/1/06','11/2/06',11251,15010,10,10),(211,'27/1/06','27/1/06','11/2/06',11254,15005,11,14),(212,'28/1/06','28/1/06','24/2/06',11251,15003,12,39),(213,'29/1/06','29/1/06','14/2/06',11259,15004,13,14),(214,'30/1/06','30/1/06','18/2/06',11251,15005,14,32),(215,'31/1/06','31/1/06','20/2/06',11255,15006,9,28),(216,'1/2/06','2/2/06','18/2/06',11254,15009,16,24),(217,'2/2/06','2/2/06','10/2/06',11250,15000,17,17),(218,'3/2/06','3/2/06','16/2/06',11250,15001,18,31),(219,'4/2/06','4/2/06','25/2/06',11257,14988,31,31),(220,'5/2/06','6/2/06','10/2/06',11251,15020,20,20),(221,'6/2/06','6/2/06','27/2/06',11257,15021,15,15),(222,'7/2/06','8/2/06','12/2/06',11251,15022,22,22),(223,'8/2/06','8/2/06','17/2/06',11253,15023,23,23),(224,'9/2/06','12/2/06','10/3/06',11256,15024,24,29),(225,'10/2/06','10/2/06','18/2/06',11258,15025,19,19),(226,'11/2/06','11/2/06','12/3/06',11252,15026,15,15),(227,'12/2/06','12/2/06','21/2/06',11256,15027,27,27),(228,'13/2/06','14/2/06','22/2/06',11256,15028,28,28),(229,'14/2/06','14/2/06','19/2/06',11259,15029,29,11),(230,'15/2/06','18/2/06','16/3/06',11252,15030,19,19),(231,'16/2/06','16/2/06','21/2/06',11251,15001,31,31),(232,'17/2/06','18/2/06','25/2/06',11254,15005,32,10),(233,'18/2/06','18/2/06','20/2/06',11255,15009,24,35),(234,'19/2/06','20/2/06','22/2/06',11217,15006,28,31),(235,'20/2/06','20/2/06','28/2/06',11256,15009,35,35),(236,'21/2/06','24/2/06','12/3/06',11252,15011,25,25),(237,'22/2/06','22/2/06','13/3/06',11217,15006,31,31),(238,'23/2/06','24/2/06','28/2/06',11251,15008,38,38),(239,'24/2/06','24/2/06','13/3/06',11256,15003,39,39),(240,'25/2/06','28/2/06','15/3/06',11219,15040,13,18),(241,'26/2/06','27/2/06','12/3/06',11219,15041,14,15),(243,'28/2/06','28/2/06','8/3/06',11213,15043,20,11),(244,'1/3/06','2/3/06','5/4/06',11218,15044,4,39),(245,'2/3/06','2/3/06','20/3/06',11215,15045,5,18),(246,'3/3/06','4/3/06','28/3/06',11217,15046,22,30),(247,'4/3/06','4/3/06','12/3/06',11218,15047,7,12),(248,'5/3/06','5/3/06','20/3/06',11216,15048,25,22),(249,'6/3/06','6/3/06','24/3/06',11214,15049,9,27),(250,'7/3/06','7/3/06','12/3/06',11219,15050,23,11),(251,'8/3/06','8/3/06','14/3/06',11259,15043,11,17),(252,'9/3/06','12/3/06','13/3/06',11254,15047,12,9),(253,'10/3/06','10/3/06','11/4/06',11257,15024,29,29),(254,'11/3/06','14/3/06','18/3/06',11210,15042,12,20),(255,'12/3/06','12/3/06','16/3/06',11256,15041,15,19),(256,'13/3/06','13/3/06','19/3/06',11252,15047,9,14),(257,'14/3/06','14/3/06','23/3/06',11256,15043,17,17),(258,'15/3/06','15/3/06','24/3/06',11251,15040,18,24),(259,'16/3/06','16/3/06','24/3/06',11259,15041,19,26),(260,'17/3/06','18/3/06','10/4/06',11259,15042,20,31),(261,'18/3/06','19/3/06','10/4/06',11252,15047,14,32),(262,'19/3/06','20/3/06','3/4/06',11253,15048,22,37),(263,'20/3/06','20/3/06','23/3/06',11255,15045,18,20),(264,'21/3/06','24/3/06','26/3/06',11256,15040,24,28),(265,'22/3/06','23/3/06','26/3/06',11255,15045,20,24),(266,'23/3/06','24/3/06','11/4/06',11250,15041,26,26),(267,'24/3/06','24/3/06','29/3/06',11251,15049,27,27),(268,'25/3/06','26/3/06','1/4/06',11259,15040,28,35),(269,'26/3/06','26/3/06','11/4/06',11255,15045,24,24),(270,'27/3/06','27/3/06','28/3/06',11253,15046,30,31),(271,'28/3/06','28/3/06','12/4/06',11254,15046,31,34),(272,'29/3/06','29/3/06','5/4/06',11254,15047,32,36),(273,'30/3/06','30/3/06','11/4/06',11257,15042,31,31),(274,'31/3/06','31/3/06','16/4/06',11251,15046,34,34),(275,'1/4/06','1/4/06','10/4/06',11256,15040,35,35),(276,'2/4/06','5/4/06','7/4/06',11259,15047,36,15),(277,'3/4/06','3/4/06','8/4/06',11259,15048,37,8),(278,'4/4/06','4/4/06','15/4/06',11255,15066,12,22),(279,'5/4/06','5/4/06','14/4/06',11256,15044,39,39),(280,'6/4/06','6/4/06','13/4/06',11257,15063,17,24),(281,'7/4/06','7/4/06','13/5/06',11251,15082,1,37),(282,'8/4/06','9/4/06','17/4/06',11256,15087,2,2),(283,'9/4/06','9/4/06','11/4/06',11252,15068,15,17),(284,'10/4/06','11/4/06','19/4/06',11254,15088,4,13),(285,'11/4/06','11/4/06','12/5/06',11252,15068,17,17),(286,'12/4/06','12/4/06','19/4/06',11256,15081,6,9),(287,'13/4/06','13/4/06','16/4/06',11258,15063,24,26),(288,'14/4/06','15/4/06','19/4/06',11255,15066,22,22),(289,'15/4/06','16/4/06','23/4/06',11258,15063,26,31),(290,'16/4/06','19/4/06','24/4/06',11258,15081,9,17),(291,'17/4/06','17/4/06','7/5/06',11250,15085,11,31),(292,'18/4/06','18/4/06','15/5/06',11251,15083,12,39),(293,'19/4/06','19/4/06','23/4/06',11256,15088,13,17),(294,'20/4/06','23/4/06','11/5/06',11257,15063,31,31),(295,'21/4/06','21/4/06','26/4/06',11255,15084,11,11),(296,'22/4/06','23/4/06','25/4/06',11254,15080,16,19),(297,'23/4/06','23/4/06','28/4/06',11259,15088,17,12),(298,'24/4/06','24/4/06','15/5/06',11257,15081,17,17),(299,'25/4/06','25/4/06','10/5/06',11259,15080,19,14),(300,'26/4/06','27/4/06','15/5/06',11253,15100,20,20),(301,'27/4/06','27/4/06','8/5/06',11355,15101,21,11),(302,'28/4/06','29/4/06','13/5/06',11359,15102,22,10),(303,'29/4/06','29/4/06','14/5/06',11351,15103,19,19),(304,'30/4/06','30/4/06','12/5/06',11350,15104,24,12),(305,'1/5/06','1/5/06','10/5/06',11353,15105,25,25),(306,'2/5/06','2/5/06','14/5/06',11354,15106,23,12),(307,'3/5/06','3/5/06','8/5/06',11355,15107,27,27),(308,'4/5/06','4/5/06','25/5/06',11352,15108,25,25),(309,'5/5/06','5/5/06','14/5/06',11353,15109,29,29),(310,'6/5/06','6/5/06','11/5/06',11351,15110,24,24),(311,'7/5/06','7/5/06','11/5/06',11350,15085,31,34),(312,'8/5/06','8/5/06','9/5/06',11354,15101,11,12),(313,'9/5/06','9/5/06','17/5/06',11354,15101,12,33),(314,'10/5/06','11/5/06','15/5/06',11359,15085,34,12),(315,'11/5/06','11/5/06','19/5/06',11350,15089,35,35),(316,'12/5/06','12/5/06','17/5/06',11351,15104,12,12),(317,'13/5/06','13/5/06','22/5/06',11353,15082,37,37),(318,'14/5/06','14/5/06','27/5/06',11357,15106,12,25),(319,'15/5/06','15/5/06','23/5/06',11350,15083,39,39),(320,'16/5/06','17/5/06','21/5/06',11350,15124,40,4),(321,'17/5/06','17/5/06','25/5/06',11350,15121,1,1),(322,'18/5/06','18/5/06','24/6/06',11354,15122,21,38),(323,'19/5/06','19/5/06','18/6/06',11356,15123,3,33),(324,'20/5/06','21/5/06','20/6/06',11353,15124,4,34),(325,'21/5/06','21/5/06','29/5/06',11358,15125,5,5),(326,'22/5/06','25/5/06','13/6/06',11352,15126,25,25),(327,'23/5/06','23/5/06','3/6/06',11357,15127,21,10),(328,'24/5/06','25/5/06','11/6/06',11358,15128,8,14),(329,'25/5/06','25/5/06','2/6/06',11357,15129,23,16),(330,'26/5/06','26/5/06','17/6/06',11352,15130,29,29),(331,'27/5/06','27/5/06','29/5/06',11312,15106,25,26),(332,'28/5/06','29/5/06','19/6/06',11312,15106,26,26),(333,'29/5/06','29/5/06','12/6/06',11318,15119,14,16),(334,'30/5/06','30/5/06','18/6/06',11350,15128,14,14),(335,'31/5/06','31/5/06','12/6/06',11317,15119,16,16),(336,'1/6/06','2/6/06','4/6/06',11314,15129,16,19),(337,'2/6/06','3/6/06','3/6/06',11312,15127,10,11),(338,'3/6/06','3/6/06','22/6/06',11312,15127,11,37),(339,'4/6/06','4/6/06','20/6/06',11319,15129,19,35),(340,'5/6/06','5/6/06','16/6/06',11351,15140,15,11),(342,'7/6/06','8/6/06','6/7/06',11314,15142,22,28),(343,'8/6/06','8/6/06','13/6/06',11311,15143,23,23),(344,'9/6/06','12/6/06','18/6/06',11316,15144,24,24),(345,'10/6/06','10/6/06','28/6/06',11313,15145,25,18),(346,'11/6/06','12/6/06','16/6/06',11311,15146,26,26),(347,'12/6/06','13/6/06','13/7/06',11312,15147,20,20),(348,'13/6/06','14/6/06','14/7/06',11317,15148,26,26),(349,'14/6/06','14/6/06','15/7/06',11317,15149,27,27),(350,'15/6/06','18/6/06','23/6/06',11314,15150,30,16),(351,'16/6/06','16/6/06','17/6/06',11318,15140,11,12),(352,'17/6/06','17/6/06','24/6/06',11318,15140,12,19),(353,'18/6/06','18/6/06','26/6/06',11311,15123,33,40),(354,'19/6/06','20/6/06','24/6/06',11311,15124,34,34),(355,'20/6/06','20/6/06','24/6/06',11316,15129,35,36),(356,'21/6/06','24/6/06','29/6/06',11314,15129,36,14),(357,'22/6/06','22/6/06','27/6/06',11319,15127,37,11),(358,'23/6/06','24/6/06','12/7/06',11313,15122,38,38),(359,'24/6/06','24/6/06','15/7/06',11317,15140,19,19),(360,'25/6/06','26/6/06','13/7/06',11314,15123,40,10),(361,'26/6/06','26/6/06','6/7/06',11316,15165,1,11),(362,'27/6/06','28/6/06','8/7/06',11313,15166,2,13),(363,'28/6/06','28/6/06','4/7/06',11312,15145,18,21),(364,'29/6/06','29/6/06','10/8/06',11316,15168,4,35),(365,'30/6/06','30/6/06','4/7/06',11316,15169,5,9),(366,'1/7/06','4/7/06','6/7/06',11315,15145,21,21),(367,'2/7/06','2/7/06','13/7/06',11316,15161,7,18),(368,'3/7/06','4/7/06','10/7/06',11313,15162,8,12),(369,'4/7/06','4/7/06','10/7/06',11311,15169,9,15),(370,'5/7/06','6/7/06','26/7/06',11317,15142,28,28),(371,'6/7/06','6/7/06','12/7/06',11313,15165,11,12),(372,'7/7/06','10/7/06','12/7/06',11319,15162,12,8),(373,'8/7/06','8/7/06','12/7/06',11314,15166,13,16),(374,'9/7/06','10/7/06','17/7/06',11318,15167,14,14),(375,'10/7/06','10/7/06','14/7/06',11313,15169,15,19),(376,'11/7/06','12/7/06','18/7/06',11319,15166,16,23),(377,'12/7/06','12/7/06','17/7/06',11312,15165,12,17),(378,'13/7/06','13/7/06','16/7/06',11310,15161,18,21),(379,'14/7/06','14/7/06','22/7/06',11319,15169,19,26),(380,'15/7/06','16/7/06','24/7/06',11310,15163,20,29),(381,'16/7/06','16/7/06','21/7/06',11319,15161,21,9),(382,'17/7/06','17/7/06','21/7/06',11312,15165,17,19),(383,'18/7/06','18/7/06','28/7/06',11318,15166,23,12),(384,'19/7/06','22/7/06','21/7/06',11312,15165,19,20),(385,'20/7/06','21/7/06','23/7/06',11312,15165,20,23),(386,'21/7/06','22/7/06','14/8/06',11318,15169,26,36),(387,'22/7/06','22/7/06','10/8/06',11314,15160,27,11),(388,'23/7/06','23/7/06','26/7/06',11312,15165,23,31),(389,'24/7/06','24/7/06','13/8/06',11313,15163,29,29),(390,'25/7/06','28/7/06','28/7/06',11318,15166,12,33),(391,'26/7/06','26/7/06','15/8/06',11313,15165,31,31),(392,'27/7/06','27/7/06','16/8/06',11315,15181,11,31),(393,'28/7/06','28/7/06','16/8/06',11310,15166,33,33),(395,'30/7/06','30/7/06','18/8/06',11310,15168,35,35),(396,'31/7/06','31/7/06','19/8/06',11310,15169,36,36),(397,'1/8/06','1/8/06','2/8/06',11312,15186,11,12),(398,'2/8/06','2/8/06','23/8/06',11312,15186,12,12),(399,'3/8/06','3/8/06','8/8/06',11315,15184,15,15),(400,'4/8/06','5/8/06','13/8/06',11315,15209,16,9),(401,'5/8/06','5/8/06','13/8/06',11410,15201,1,1),(402,'6/8/06','7/8/06','21/8/06',11419,15202,2,14),(403,'7/8/06','7/8/06','12/8/06',11415,15203,3,3),(404,'8/8/06','9/8/06','19/8/06',11410,15204,4,15),(405,'9/8/06','9/8/06','8/9/06',11418,15205,5,34),(406,'10/8/06','10/8/06','17/8/06',11413,15206,6,13),(407,'11/8/06','11/8/06','19/8/06',11411,15207,23,14),(408,'12/8/06','13/8/06','23/8/06',11416,15208,8,19),(409,'13/8/06','13/8/06','22/8/06',11416,15209,9,9),(410,'14/8/06','14/8/06','15/9/06',11412,15210,29,29),(411,'15/8/06','15/8/06','21/8/06',11419,15200,11,17),(412,'16/8/06','16/8/06','17/9/06',11412,15181,31,31),(413,'17/8/06','17/8/06','26/8/06',11416,15206,13,13),(414,'18/8/06','19/8/06','9/9/06',11416,15207,14,36),(415,'19/8/06','19/8/06','6/9/06',11419,15204,15,33),(416,'20/8/06','21/8/06','25/8/06',11411,15202,14,14),(417,'21/8/06','21/8/06','6/9/06',11413,15200,17,32),(418,'22/8/06','22/8/06','10/9/06',11414,15199,19,18),(419,'23/8/06','23/8/06','28/8/06',11419,15208,19,13),(420,'24/8/06','25/8/06','4/9/06',11418,15220,20,11),(421,'25/8/06','25/8/06','14/9/06',11416,15221,21,21),(422,'26/8/06','27/8/06','11/9/06',11411,15222,20,20),(423,'27/8/06','27/8/06','8/9/06',11418,15223,23,12),(424,'28/8/06','28/8/06','26/9/06',11415,15224,24,14),(425,'29/8/06','29/8/06','25/9/06',11412,15225,26,26),(426,'30/8/06','30/8/06','15/9/06',11411,15226,24,24),(427,'31/8/06','31/8/06','16/9/06',11411,15227,25,25),(428,'1/9/06','2/9/06','10/9/06',11413,15228,28,28),(429,'2/9/06','2/9/06','7/9/06',11411,15229,24,24),(430,'3/9/06','3/9/06','12/9/06',11416,15230,30,30),(431,'4/9/06','4/9/06','12/9/06',11414,15220,11,19),(432,'5/9/06','6/9/06','12/9/06',11415,15200,32,38),(433,'6/9/06','6/9/06','14/9/06',11418,15204,33,33),(434,'7/9/06','8/9/06','10/9/06',11410,15205,34,37),(435,'8/9/06','8/9/06','13/9/06',11411,15223,12,12),(436,'9/9/06','9/9/06','17/9/06',11418,15207,36,36),(437,'10/9/06','10/9/06','15/9/06',11415,15205,37,37),(438,'11/9/06','12/9/06','20/9/06',11416,15200,38,38),(439,'12/9/06','12/9/06','20/9/06',11414,15220,19,39),(440,'13/9/06','14/9/06','14/9/06',11418,15241,40,1),(441,'14/9/06','14/9/06','26/9/06',11418,15241,1,13),(442,'15/9/06','16/9/06','28/9/06',11415,15242,2,14),(443,'16/9/06','16/9/06','28/9/06',11416,15243,3,15),(444,'17/9/06','18/9/06','6/10/06',11410,15244,4,22),(445,'18/9/06','18/9/06','10/10/06',11412,15245,25,27),(446,'19/9/06','22/9/06','28/9/06',11416,15246,6,6),(447,'20/9/06','20/9/06','2/10/06',11419,15247,7,19),(448,'21/9/06','22/9/06','12/10/06',11412,15248,28,10),(449,'22/9/06','22/9/06','10/10/06',11415,15249,9,17),(450,'23/9/06','26/9/06','11/10/06',11414,15250,12,10),(451,'24/9/06','25/9/06','15/10/06',11417,15225,26,26),(452,'25/9/06','26/9/06','16/10/06',11412,15224,14,14),(453,'26/9/06','26/9/06','12/10/06',11419,15241,13,29),(454,'27/9/06','28/9/06','10/10/06',11419,15242,14,24),(455,'28/9/06','28/9/06','12/10/06',11415,15243,15,13),(456,'29/9/06','29/9/06','3/10/06',11417,15243,13,17),(457,'30/9/06','30/9/06','8/10/06',11416,15249,17,25),(458,'1/10/06','1/10/06','10/10/06',11413,15240,18,18),(459,'2/10/06','2/10/06','18/10/06',11419,15247,19,35),(460,'3/10/06','3/10/06','4/10/06',11411,15243,17,18),(461,'4/10/06','4/10/06','7/10/06',11411,15243,18,20),(462,'5/10/06','6/10/06','10/10/06',11416,15244,22,26),(463,'6/10/06','7/10/06','16/10/06',11411,15243,20,32),(464,'7/10/06','10/10/06','16/10/06',11419,15242,24,30),(465,'8/10/06','8/10/06','14/10/06',11412,15249,25,31),(466,'9/10/06','10/10/06','14/10/06',11415,15244,26,26),(467,'10/10/06','10/10/06','16/10/06',11415,15245,27,33),(468,'11/10/06','12/10/06','19/10/06',11414,15248,10,28),(469,'12/10/06','12/10/06','24/10/06',11416,15241,29,40),(470,'13/10/06','16/10/06','18/10/06',11413,15242,30,16),(471,'14/10/06','14/10/06','19/10/06',11415,15249,31,31),(472,'15/10/06','16/10/06','23/10/06',11410,15243,32,32),(473,'16/10/06','16/10/06','20/10/06',11413,15245,33,37),(474,'17/10/06','18/10/06','25/10/06',11414,15242,16,34),(475,'18/10/06','18/10/06','22/10/06',11413,15247,35,36),(476,'19/10/06','22/10/06','27/10/06',11418,15247,36,36),(477,'20/10/06','20/10/06','25/10/06',11415,15245,37,37),(478,'21/10/06','21/10/06','22/10/06',11411,15261,17,18),(479,'22/10/06','22/10/06','28/10/06',11411,15261,18,24),(480,'23/10/06','24/10/06','11/11/06',11410,15241,40,40),(481,'24/10/06','24/10/06','26/10/06',11410,15280,1,3),(482,'25/10/06','28/10/06','27/10/06',11417,15263,19,21),(483,'26/10/06','26/10/06','10/11/06',11410,15280,3,7),(484,'27/10/06','27/10/06','8/11/06',11417,15263,21,16),(485,'28/10/06','28/10/06','12/11/06',11411,15261,24,25),(486,'29/10/06','29/10/06','3/11/06',11411,15261,25,30),(487,'30/10/06','30/10/06','12/11/06',11418,15280,7,8),(488,'31/10/06','31/10/06','3/11/06',11415,15280,8,10),(489,'1/11/06','1/11/06','6/11/06',11411,15264,25,25),(490,'2/11/06','3/11/06','5/11/06',11418,15280,10,13),(491,'3/11/06','3/11/06','7/11/06',11412,15261,30,31),(492,'4/11/06','7/11/06','25/11/06',11412,15261,31,31),(493,'5/11/06','5/11/06','9/11/06',11415,15280,13,16),(494,'6/11/06','9/11/06','11/11/06',11459,15282,12,18),(495,'7/11/06','8/11/06','28/11/06',11412,15263,16,16),(496,'8/11/06','9/11/06','29/11/06',11413,15280,16,36),(497,'9/11/06','9/11/06','10/12/06',11417,15284,13,13),(498,'10/11/06','10/11/06','18/11/06',11414,15260,19,18),(499,'11/11/06','12/11/06','19/11/06',11414,15259,20,19),(500,'12/11/06','15/11/06','10/12/06',11412,15300,21,18),(501,'13/11/06','13/11/06','18/11/06',11559,15301,21,14),(502,'14/11/06','14/11/06','15/12/06',11552,15302,18,18),(503,'15/11/06','15/11/06','20/11/06',11559,15303,23,8),(504,'16/11/06','19/11/06','24/11/06',11554,15304,24,13),(505,'17/11/06','18/11/06','18/12/06',11557,15305,26,26),(506,'18/11/06','19/11/06','27/11/06',11556,15306,26,26),(507,'19/11/06','19/11/06','27/11/06',11554,15307,27,16),(508,'20/11/06','21/11/06','28/11/06',11550,15308,28,28),(509,'21/11/06','21/11/06','29/11/06',11550,15309,29,29),(510,'22/11/06','25/11/06','10/12/06',11554,15310,30,11),(511,'23/11/06','24/11/06','26/11/06',11557,15297,14,15),(512,'24/11/06','27/11/06','26/11/06',11557,15297,15,16),(513,'25/11/06','26/11/06','26/11/06',11557,15297,16,17),(514,'26/11/06','26/11/06','27/11/06',11558,15297,17,18),(515,'27/11/06','27/11/06','15/12/06',11558,15297,18,18),(516,'28/11/06','28/11/06','29/11/06',11556,15280,36,37),(517,'29/11/06','29/11/06','1/12/06',11550,15280,37,39),(518,'30/11/06','30/11/06','15/12/06',11535,15300,18,18),(519,'1/12/06','1/12/06','9/12/06',11550,15280,39,39),(520,'2/12/06','3/12/06','9/12/06',11551,15327,40,7),(521,'3/12/06','3/12/06','8/1/07',11551,15321,1,18),(522,'4/12/06','5/12/06','13/12/06',11535,15322,20,11),(523,'5/12/06','5/12/06','19/12/06',11558,15323,24,16),(524,'6/12/06','7/12/06','15/12/06',11556,15324,4,13),(525,'7/12/06','7/12/06','17/12/06',11553,15325,5,15),(526,'8/12/06','8/12/06','12/1/07',11559,15326,6,40),(527,'9/12/06','9/12/06','2/1/07',11554,15327,7,31),(528,'10/12/06','11/12/06','20/12/06',11553,15328,8,18),(529,'11/12/06','11/12/06','21/12/06',11554,15329,9,19),(530,'12/12/06','13/12/06','21/12/06',11553,15330,10,10),(531,'13/12/06','13/12/06','22/12/06',11553,15322,11,11),(532,'14/12/06','14/12/06','16/12/06',11558,15317,15,17),(533,'15/12/06','15/12/06','19/12/06',11553,15324,13,17),(534,'16/12/06','16/12/06','17/1/07',11557,15317,17,17),(535,'17/12/06','17/12/06','25/12/06',11550,15325,15,15),(536,'18/12/06','19/12/06','6/1/07',11551,15323,16,34),(537,'19/12/06','19/12/06','6/1/07',11551,15324,17,35),(538,'20/12/06','20/12/06','10/1/07',11550,15328,18,39),(539,'21/12/06','21/12/06','29/12/06',11550,15329,19,19),(540,'22/12/06','23/12/06','8/1/07',11535,15340,20,16),(541,'23/12/06','23/12/06','28/12/06',11551,15341,21,21),(542,'24/12/06','25/12/06','13/1/07',11513,15342,26,26),(543,'25/12/06','25/12/06','5/1/07',11514,15343,23,9),(544,'26/12/06','26/12/06','14/1/07',11518,15344,24,24),(545,'27/12/06','27/12/06','12/1/07',11519,15345,25,11),(546,'28/12/06','28/12/06','19/1/07',11517,15346,29,11),(547,'29/12/06','29/12/06','14/1/07',11519,15347,9,13),(548,'30/12/06','30/12/06','15/1/07',11551,15348,28,28),(549,'31/12/06','31/12/06','19/1/07',11550,15349,29,29),(550,'1/1/07','1/1/07','9/1/07',11550,15350,30,30),(551,'2/1/07','2/1/07','7/1/07',11515,15327,31,31),(552,'3/1/07','6/1/07','5/1/07',11519,15343,9,10),(553,'4/1/07','5/1/07','18/1/07',11519,15343,10,21),(554,'5/1/07','6/1/07','13/1/07',11518,15323,34,34),(555,'6/1/07','6/1/07','10/1/07',11518,15324,35,38),(556,'7/1/07','8/1/07','18/1/07',11512,15340,16,26),(557,'8/1/07','8/1/07','17/1/07',11513,15321,18,18),(558,'9/1/07','10/1/07','14/1/07',11511,15324,38,38),(559,'10/1/07','10/1/07','18/1/07',11518,15328,39,39),(560,'11/1/07','12/1/07','16/1/07',11511,15326,40,40),(561,'12/1/07','12/1/07','3/2/07',11515,15367,1,22),(562,'13/1/07','13/1/07','22/1/07',11516,15316,23,23),(563,'14/1/07','14/1/07','24/1/07',11511,15369,3,13),(564,'15/1/07','18/1/07','20/1/07',11519,15343,21,11),(565,'16/1/07','16/1/07','23/1/07',11511,15361,5,10),(566,'17/1/07','18/1/07','18/1/07',11517,15340,26,27),(567,'18/1/07','18/1/07','20/1/07',11512,15340,27,29),(568,'19/1/07','19/1/07','28/1/07',11516,15346,11,11),(569,'20/1/07','20/1/07','10/2/07',11512,15340,29,18),(570,'21/1/07','22/1/07','13/2/07',11515,15366,10,12),(571,'22/1/07','23/1/07','26/1/07',11519,15361,10,12),(572,'23/1/07','26/1/07','27/1/07',11514,15361,12,14),(573,'24/1/07','24/1/07','12/2/07',11515,15369,13,20),(574,'25/1/07','26/1/07','28/1/07',11514,15363,14,17),(575,'26/1/07','27/1/07','2/2/07',11519,15361,14,20),(576,'27/1/07','27/1/07','18/2/07',11512,15340,18,18),(577,'28/1/07','28/1/07','19/2/07',11515,15363,17,38),(578,'29/1/07','29/1/07','5/2/07',11515,15364,18,25),(579,'30/1/07','30/1/07','9/2/07',11518,15368,19,10),(580,'31/1/07','31/1/07','7/2/07',11514,15369,20,9),(581,'1/2/07','2/2/07','4/2/07',11517,15361,20,22),(582,'2/2/07','3/2/07','7/2/07',11511,15367,22,22),(583,'3/2/07','4/2/07','4/2/07',11517,15361,22,23),(584,'4/2/07','4/2/07','6/2/07',11510,15361,23,25),(585,'5/2/07','5/2/07','14/2/07',11513,15364,25,25),(586,'6/2/07','6/2/07','10/2/07',11512,15361,25,28),(587,'7/2/07','7/2/07','11/2/07',11513,15369,9,31),(588,'8/2/07','9/2/07','17/2/07',11516,15368,10,10),(589,'9/2/07','10/2/07','12/2/07',11512,15361,28,31),(590,'10/2/07','13/2/07','19/2/07',11513,15366,12,12),(591,'11/2/07','11/2/07','15/2/07',11514,15369,31,34),(592,'12/2/07','12/2/07','13/2/07',11517,15361,31,33),(593,'13/2/07','13/2/07','21/2/07',11518,15361,33,33),(594,'14/2/07','15/2/07','19/2/07',11515,15369,34,34),(595,'15/2/07','15/2/07','20/2/07',11511,15360,35,35),(596,'16/2/07','16/2/07','17/3/07',11512,15362,17,17),(597,'17/2/07','17/2/07','25/2/07',11514,15365,37,37),(598,'18/2/07','19/2/07','23/2/07',11511,15363,38,38),(599,'19/2/07','19/2/07','28/2/07',11513,15357,21,21),(600,'20/2/07','21/2/07','28/2/07',11514,15400,40,40);
/*!40000 ALTER TABLE `orders` ENABLE KEYS */;
UNLOCK TABLES;

--
-- Table structure for table `stores`
--

DROP TABLE IF EXISTS `stores`;
/*!40101 SET @saved_cs_client     = @@character_set_client */;
/*!40101 SET character_set_client = utf8 */;
CREATE TABLE `stores` (
  `storeID` int(11) NOT NULL AUTO_INCREMENT,
  `name` varchar(45) DEFAULT NULL,
  `address` varchar(65) DEFAULT NULL,
  `phone` varchar(45) DEFAULT NULL,
  `city` varchar(15) DEFAULT NULL,
  `state` varchar(3) DEFAULT NULL,
  PRIMARY KEY (`storeID`)
) ENGINE=InnoDB AUTO_INCREMENT=51 DEFAULT CHARSET=utf8;
/*!40101 SET character_set_client = @saved_cs_client */;

--
-- Dumping data for table `stores`
--

LOCK TABLES `stores` WRITE;
/*!40000 ALTER TABLE `stores` DISABLE KEYS */;
INSERT INTO `stores` VALUES (1,'Alexandria','3761 N. 14th St','1 (11) 543 535-0162','Alexandria','NSW'),(2,'Coffs Harbour','2243 W St.','1 (11) 543 535-0110','Coffs Harbour','NSW'),(3,'Darlinghurst','5844 Linden Land','1 (11) 543 535-0184','Darlinghurst','NSW'),(4,'Goulburn','1825 Village Pl.','1 (11) 543 535-0162','Goulburn','NSW'),(5,'Lane Cove','7553 Harness Circle','1 (11) 543 535-0131','Lane Cove','NSW'),(6,'Lavender Bay','7305 Humphrey Drive','1 (11) 543 535-0151','Darlinghurst','NSW'),(7,'Malabar','2612 Berry Dr','1 (11) 543 535-0184','Malabar','NSW'),(8,'Matraville','942 Brook Street','1 (11) 543 535-0126','Matraville','NSW'),(9,'Milsons Point','624 Peabody Road','1 (11) 543 535-0164','Milsons Point','NSW'),(10,'Newcastle','3839 Northgate Road','1 (11) 543 535-0110','Newcastle','NSW'),(11,'North Ryde','7800 Corrinne Court','1 (11) 543 535-0169','North Ryde','NSW'),(12,'North Sydney','1224 Shoenic','1 (11) 543 535-0117','North Sydney','NSW'),(13,'Port Macquarie','4785 Scott Street','717-535-0164','Port Macquarie','NSW'),(14,'Rhodes','7902 Hudson Ave.','817-535-0185','Rhodes','NSW'),(15,'Silverwater','9011 Tank Drive','431-535-0156','Silverwater','NSW'),(16,'Springwood','244 Willow Pass Road','208-535-0142','Springwood','NSW'),(17,'St. Leonards','9666 Northridge Ct.','135-535-0171','St. Leonards','NSW'),(18,'Sydney','7330 Saddlehill Lane','1 (11) 543 535-0195','Sydney','NSW'),(19,'Wollongong','244 Rivewview','1 (11) 543 535-0137','Wollongong','NSW'),(20,'Brisbane','7832 Landing Dr','262-535-0112','Brisbane','QLD'),(21,'Caloundra','7156 Rose Dr','550-535-0163','Caloundra','QLD'),(22,'East Brisbane','8148 W. Lake Dr.','622-535-0158','East Brisbane','QLD'),(23,'Gold Coast','1769 Nicholas Drive','589-535-0185','Gold Coast','QLD'),(24,'Hawthorne','4499 Valley Crest','452-535-0188','Hawthorne','QLD'),(25,'Hervey Bay','8734 Oxford Place','746-535-0186','Hervey Bay','QLD'),(26,'Rockhampton','2596 Franklin Canyon Road','1 (11) 543 535-0178','Rockhampton','QLD'),(27,'Townsville','8211 Leeds Ct.','1 (11) 543 535-0131','Townsville','QLD'),(28,'Cloverdale','213 Valencia Place','1 (11) 543 535-0184','Cloverdale','SA'),(29,'Findon','9111 Rose Ann Ave','1 (11) 543 535-0116','Findon','SA'),(30,'Perth','6385 Mark Twain','1 (11) 543 535-0146','Perth','WA'),(31,'Hobart','636 Vine Hill Way','1 (11) 543 535-0182','Hobart','TAS'),(32,'Bendigo','6465 Detroit Ave.','1 (11) 543 535-0195','Bendigo','VIC'),(33,'Cranbourne','626 Bentley Street','1 (11) 543 535-0169','Cranbourne','VIC'),(34,'Geelong','5927 Rainbow Dr','1 (11) 543 535-0169','Geelong','VIC'),(35,'Melbourne','5167 Condor Place','1 (11) 543 535-0169','Melbourne','VIC'),(36,'Melton','1873 Mt. Whitney Dr','1 (11) 543 535-0177','Melton','VIC'),(37,'Seaford','3981 Augustine Drive','1 (11) 543 535-0183','Seaford','VIC'),(38,'South Melbourne','8915 Woodside Way','229-535-0112','South Melbourne','VIC'),(39,'Sunbury','8357 Sandy Cove Lane','1 (11) 543 535-0114','Sunbury','VIC'),(40,'Warrnambool','9353 Creekside Dr.','1 (11) 543 535-0183','Warrnambool','VIC'),(50,'Ballarat','1010 Sturt St','1 (11) 543 535-0185','Ballarat','VIC');
/*!40000 ALTER TABLE `stores` ENABLE KEYS */;
UNLOCK TABLES;
/*!40103 SET TIME_ZONE=@OLD_TIME_ZONE */;

/*!40101 SET SQL_MODE=@OLD_SQL_MODE */;
/*!40014 SET FOREIGN_KEY_CHECKS=@OLD_FOREIGN_KEY_CHECKS */;
/*!40014 SET UNIQUE_CHECKS=@OLD_UNIQUE_CHECKS */;
/*!40101 SET CHARACTER_SET_CLIENT=@OLD_CHARACTER_SET_CLIENT */;
/*!40101 SET CHARACTER_SET_RESULTS=@OLD_CHARACTER_SET_RESULTS */;
/*!40101 SET COLLATION_CONNECTION=@OLD_COLLATION_CONNECTION */;
/*!40111 SET SQL_NOTES=@OLD_SQL_NOTES */;

-- Dump completed on 2018-08-10 11:38:20
